{
  "label": "A-6M",
  "n_entities": 114,
  "total_windows": 2259,
  "median_x0": 0.9772,
  "pct_x0_le1": 80.7,
  "entities_with_folds": 0,
  "total_folds": 0,
  "mean_x0_cv": 0.0567,
  "mean_k_cv": 2.1003,
  "all_phase_dist": {
    "Acceleration": 61.3,
    "Deactivated": 32.3,
    "Inflection": 4.9,
    "Deceleration": 1.5
  },
  "final_phase_dist": {
    "Inflection": 38.6,
    "Deceleration": 27.2,
    "Deactivated": 22.8,
    "Acceleration": 11.4
  },
  "total_sat_folds": 0,
  "n_sat_with_folds": 0,
  "sat_fold_years": [],
  "paris_sat_n": 0,
  "paris_sat_p": null,
  "paris_sat_exp": 0.0,
  "paris_sat_pct": 0.0,
  "covid_sat_n": 0,
  "covid_sat_p": null,
  "covid_sat_exp": 0.0,
  "covid_sat_pct": 0.0,
  "all_fold_years": [],
  "paris_all_n": 0,
  "paris_all_p": null,
  "covid_all_n": 0,
  "covid_all_p": null,
  "final_x0_years": [
    2021.7474332648871,
    2017.7036276522929,
    2027.8186173853526,
    2019.7474332648871,
    2021.6078028747434,
    2019.9856262833675,
    2023.9418206707735,
    2020.8678986995208,
    2025.561259411362,
    2022.3860369609856,
    2019.2491444216291,
    2022.5119780971936,
    2022.495550992471,
    2025.1642710472279,
    2019.2491444216291,
    2023.6872005475702,
    2021.8350444900752,
    2022.3039014373717,
    2023.7364818617386,
    2020.5092402464065,
    2022.2464065708418,
    2023.021902806297,
    2020.7474332648871,
    2020.3778234086242,
    2022.1834360027378,
    2021.2464065708418,
    2021.1396303901438,
    2021.5639972621493,
    2022.6351813826147,
    2024.6598220396988,
    2021.7227926078028,
    2020.2464065708418,
    2021.495550992471,
    2017.041067761807,
    2024.684462696783,
    2028.3394934976043,
    2024.6516084873374,
    2043.4462696783025,
    2024.432580424367,
    2016.621492128679,
    2020.6954140999314,
    2026.062970568104,
    2019.9993155373031,
    2021.8870636550307,
    2022.1834360027378,
    2022.0903490759754,
    2043.4462696783025,
    2022.1806981519508,
    2025.7036276522929,
    2021.1067761806983,
    2021.1697467488023,
    2021.2819986310747,
    2024.101300479124,
    2027.3093771389458,
    2021.101300479124,
    2020.8952772073922,
    2014.7036276522929,
    2019.2874743326488,
    2021.1998631074607,
    2020.7474332648871,
    2022.021902806297,
    2019.955509924709,
    2022.2792607802876,
    2023.2409308692677,
    2021.7474332648871,
    2019.0930869267625,
    2020.8542094455852,
    2021.5886379192334,
    2014.2464065708418,
    2021.1314168377824,
    2023.2655715263518,
    2011.8733744010951,
    2023.479123887748,
    2021.6707734428473,
    2023.0684462696784,
    2019.2491444216291,
    2020.8104038329911,
    2026.8350444900752,
    2023.4626967830254,
    2018.3613963039015,
    2025.2026009582478,
    2025.5557837097879,
    2021.952772073922,
    2021.1314168377824,
    2022.2327173169062,
    2043.4462696783025,
    2012.7474332648871,
    2019.6160164271048,
    2021.3148528405202,
    2023.5530458590006,
    2017.5667351129364,
    2020.1806981519508,
    2024.5503080082135,
    2022.829568788501,
    2019.7337440109513,
    2020.829568788501,
    2025.0355920602328,
    2019.914442162902,
    2016.6324435318274,
    2021.3039014373717,
    2016.7501711156742,
    2019.6598220396988,
    2021.8021902806297,
    2024.432580424367,
    2028.495550992471,
    2043.4462696783025,
    2022.1724845995893,
    2019.9883641341546,
    2019.1752224503764,
    2023.39151266256,
    2021.996577686516,
    2019.6050650239563,
    2021.7529089664613,
    2023.7501711156742
  ],
  "inflection_clusters": [
    {
      "year": 2021.6,
      "count": 68,
      "pct": 59.6,
      "density": 0.12429531637568786
    }
  ],
  "n_inflection_clusters": 1
}