{
  "label": "A-12M",
  "n_entities": 114,
  "total_windows": 1088,
  "median_x0": 0.9868,
  "pct_x0_le1": 79.6,
  "entities_with_folds": 0,
  "total_folds": 0,
  "mean_x0_cv": 0.0374,
  "mean_k_cv": 1.6386,
  "all_phase_dist": {
    "Acceleration": 58.7,
    "Deactivated": 29.4,
    "Inflection": 11.9
  },
  "final_phase_dist": {
    "Inflection": 72.8,
    "Deactivated": 22.8,
    "Acceleration": 4.4
  },
  "total_sat_folds": 0,
  "n_sat_with_folds": 0,
  "sat_fold_years": [],
  "paris_sat_n": 0,
  "paris_sat_p": null,
  "paris_sat_exp": 0.0,
  "paris_sat_pct": 0.0,
  "covid_sat_n": 0,
  "covid_sat_p": null,
  "covid_sat_exp": 0.0,
  "covid_sat_pct": 0.0,
  "all_fold_years": [],
  "paris_all_n": 0,
  "paris_all_p": null,
  "covid_all_n": 0,
  "covid_all_p": null,
  "final_x0_years": [
    2021.498288843258,
    2017.3230663928816,
    2025.7364818617386,
    2019.501026694045,
    2021.5338809034909,
    2019.4818617385351,
    2023.416153319644,
    2020.561259411362,
    2023.473648186174,
    2021.9445585215606,
    2018.501026694045,
    2021.6379192334018,
    2021.9993155373031,
    2026.39151266256,
    2018.501026694045,
    2032.476386036961,
    2021.0739219712525,
    2022.3449691991786,
    2023.0465434633813,
    2020.021902806297,
    2021.498288843258,
    2021.6187542778919,
    2020.501026694045,
    2019.933607118412,
    2021.7802874743327,
    2020.501026694045,
    2020.3175906913073,
    2020.991101984942,
    2022.2929500342232,
    2035.6105407255304,
    2021.4626967830254,
    2019.501026694045,
    2021.0164271047229,
    2016.8104038329911,
    2023.766598220397,
    2026.9007529089665,
    2023.6707734428473,
    2027.1204654346338,
    2023.4928131416839,
    2016.6516084873374,
    2020.3805612594113,
    2025.2245037645448,
    2019.829568788501,
    2021.1177275838468,
    2021.4271047227926,
    2021.3011635865846,
    2057.7994524298424,
    2021.3696098562627,
    2024.7939767282683,
    2020.4845995893224,
    2020.561259411362,
    2021.7173169062287,
    2027.9445585215606,
    2025.145106091718,
    2020.5037645448324,
    2020.331279945243,
    2014.3613963039015,
    2019.0684462696784,
    2020.6652977412732,
    2020.501026694045,
    2020.7501711156742,
    2019.6598220396988,
    2021.498288843258,
    2022.7446954140999,
    2021.498288843258,
    2018.3805612594113,
    2020.2299794661192,
    2020.9363449691991,
    2013.501026694045,
    2020.6105407255304,
    2033.3066392881587,
    2011.7529089664613,
    2022.9418206707735,
    2021.1779603011637,
    2022.1834360027378,
    2018.501026694045,
    2020.5503080082135,
    2025.1314168377824,
    2022.145106091718,
    2018.0109514031485,
    2023.5886379192334,
    2024.6379192334018,
    2020.996577686516,
    2020.7200547570158,
    2021.6324435318274,
    2029.5557837097879,
    2012.5037645448324,
    2018.9883641341546,
    2020.8021902806297,
    2022.7392197125257,
    2017.1368925393565,
    2019.539356605065,
    2023.7200547570158,
    2021.9390828199862,
    2019.5092402464065,
    2020.1889117043122,
    2023.870636550308,
    2019.4681724845996,
    2015.432580424367,
    2020.8788501026695,
    2016.501026694045,
    2018.9609856262834,
    2021.0985626283368,
    2023.9691991786447,
    2027.2491444216291,
    2042.4517453798767,
    2021.9007529089665,
    2019.1423682409309,
    2019.021902806297,
    2022.5256673511294,
    2021.498288843258,
    2018.7775496235456,
    2021.1834360027378,
    2022.955509924709
  ],
  "inflection_clusters": [
    {
      "year": 2021.0,
      "count": 69,
      "pct": 60.5,
      "density": 0.1248812861761859
    }
  ],
  "n_inflection_clusters": 1
}