{
  "label": "B-12M",
  "n_entities": 114,
  "total_windows": 1192,
  "median_x0": 0.8331,
  "pct_x0_le1": 84.2,
  "entities_with_folds": 90,
  "total_folds": 214,
  "mean_x0_cv": 0.1664,
  "mean_k_cv": 1.7103,
  "all_phase_dist": {
    "Acceleration": 46.1,
    "Deactivated": 37.5,
    "Inflection": 9.6,
    "Deceleration": 6.8
  },
  "final_phase_dist": {
    "Acceleration": 30.7,
    "Deceleration": 29.8,
    "Deactivated": 24.6,
    "Inflection": 14.9
  },
  "total_sat_folds": 149,
  "n_sat_with_folds": 75,
  "sat_fold_years": [
    2017.9171800136892,
    2021.9171800136892,
    2016.9199178644765,
    2020.9199178644765,
    2021.9171800136892,
    2015.9171800136892,
    2012.9199178644765,
    2012.9199178644765,
    2013.9171800136892,
    2014.9171800136892,
    2011.9171800136892,
    2012.9199178644765,
    2018.9171800136892,
    2019.9171800136892,
    2020.9199178644765,
    2020.9199178644765,
    2013.9171800136892,
    2015.9171800136892,
    2016.9199178644765,
    2018.9171800136892,
    2017.9171800136892,
    2011.9171800136892,
    2012.9199178644765,
    2013.9171800136892,
    2011.9171800136892,
    2017.9171800136892,
    2018.9171800136892,
    2013.9171800136892,
    2014.9171800136892,
    2020.9199178644765,
    2010.9171800136892,
    2011.9171800136892,
    2012.9199178644765,
    2022.9171800136892,
    2023.498288843258,
    2010.9171800136892,
    2015.9171800136892,
    2016.9199178644765,
    2017.9171800136892,
    2010.9171800136892,
    2009.9171800136892,
    2011.9171800136892,
    2017.9171800136892,
    2012.9199178644765,
    2021.9171800136892,
    2014.9171800136892,
    2019.9171800136892,
    2010.9171800136892,
    2011.9171800136892,
    2015.9171800136892,
    2016.9199178644765,
    2017.9171800136892,
    2010.9171800136892,
    2014.9171800136892,
    2015.9171800136892,
    2016.9199178644765,
    2019.9171800136892,
    2012.9199178644765,
    2013.9171800136892,
    2014.9171800136892,
    2013.9171800136892,
    2013.9171800136892,
    2014.9171800136892,
    2015.9171800136892,
    2019.9171800136892,
    2014.9171800136892,
    2015.9171800136892,
    2016.9199178644765,
    2018.9171800136892,
    2019.9171800136892,
    2012.9199178644765,
    2011.9171800136892,
    2014.9171800136892,
    2017.9171800136892,
    2022.9171800136892,
    2015.9171800136892,
    2016.9199178644765,
    2017.9171800136892,
    2023.498288843258,
    2009.9171800136892,
    2010.9171800136892,
    2012.9199178644765,
    2015.9171800136892,
    2016.9199178644765,
    2017.9171800136892,
    2012.9199178644765,
    2013.9171800136892,
    2014.9171800136892,
    2015.9171800136892,
    2020.9199178644765,
    2010.9171800136892,
    2013.9171800136892,
    2011.9171800136892,
    2015.9171800136892,
    2014.9171800136892,
    2012.9199178644765,
    2014.9171800136892,
    2015.9171800136892,
    2014.9171800136892,
    2015.9171800136892,
    2016.9199178644765,
    2011.9171800136892,
    2012.9199178644765,
    2013.9171800136892,
    2009.9171800136892,
    2016.9199178644765,
    2010.9171800136892,
    2015.9171800136892,
    2009.9171800136892,
    2010.9171800136892,
    2011.9171800136892,
    2011.9171800136892,
    2013.9171800136892,
    2015.9171800136892,
    2017.9171800136892,
    2022.9171800136892,
    2012.9199178644765,
    2011.9171800136892,
    2016.9199178644765,
    2019.9171800136892,
    2012.9199178644765,
    2018.9171800136892,
    2019.9171800136892,
    2015.9171800136892,
    2016.9199178644765,
    2019.9171800136892,
    2018.9171800136892,
    2019.9171800136892,
    2011.9171800136892,
    2012.9199178644765,
    2013.9171800136892,
    2010.9171800136892,
    2014.9171800136892,
    2015.9171800136892,
    2014.9171800136892,
    2015.9171800136892,
    2016.9199178644765,
    2014.9171800136892,
    2016.9199178644765,
    2017.9171800136892,
    2015.9171800136892,
    2016.9199178644765,
    2017.9171800136892,
    2015.9171800136892,
    2016.9199178644765,
    2014.9171800136892,
    2015.9171800136892,
    2016.9199178644765,
    2023.498288843258
  ],
  "paris_sat_n": 21,
  "paris_sat_p": 0.068,
  "paris_sat_exp": 10.4,
  "paris_sat_pct": 14.1,
  "covid_sat_n": 14,
  "covid_sat_p": 0.841,
  "covid_sat_exp": 21.8,
  "covid_sat_pct": 9.4,