{
  "label": "A-12M",
  "n_entities": 114,
  "total_windows": 1163,
  "median_x0": 0.8629,
  "pct_x0_le1": 73.2,
  "entities_with_folds": 86,
  "total_folds": 159,
  "mean_x0_cv": 0.1855,
  "mean_k_cv": 1.3845,
  "all_phase_dist": {
    "Acceleration": 54.8,
    "Deactivated": 26.9,
    "Inflection": 10.5,
    "Deceleration": 7.8
  },
  "final_phase_dist": {
    "Deceleration": 44.7,
    "Deactivated": 21.9,
    "Acceleration": 17.5,
    "Inflection": 15.8
  },
  "total_sat_folds": 98,
  "n_sat_with_folds": 60,
  "sat_fold_years": [
    2021.002737850787,
    2020.002737850787,
    2023.002737850787,
    2013.002737850787,
    2014.002737850787,
    2015.002737850787,
    2021.002737850787,
    2011.002737850787,
    2012.002737850787,
    2019.002737850787,
    2021.002737850787,
    2021.002737850787,
    2013.002737850787,
    2013.002737850787,
    2023.002737850787,
    2011.002737850787,
    2012.002737850787,
    2013.002737850787,
    2023.002737850787,
    2014.002737850787,
    2011.002737850787,
    2012.002737850787,
    2022.002737850787,
    2023.002737850787,
    2016.002737850787,
    2017.002737850787,
    2013.002737850787,
    2021.002737850787,
    2023.002737850787,
    2011.002737850787,
    2016.002737850787,
    2017.002737850787,
    2020.002737850787,
    2023.002737850787,
    2020.002737850787,
    2019.002737850787,
    2013.002737850787,
    2014.002737850787,
    2014.002737850787,
    2015.002737850787,
    2023.002737850787,
    2015.002737850787,
    2016.002737850787,
    2017.002737850787,
    2019.002737850787,
    2022.002737850787,
    2023.002737850787,
    2014.002737850787,
    2015.002737850787,
    2023.002737850787,
    2023.002737850787,
    2016.002737850787,
    2017.002737850787,
    2023.002737850787,
    2023.002737850787,
    2010.002737850787,
    2016.002737850787,
    2017.002737850787,
    2023.002737850787,
    2014.002737850787,
    2015.002737850787,
    2023.002737850787,
    2021.002737850787,
    2021.002737850787,
    2023.002737850787,
    2012.002737850787,
    2023.002737850787,
    2014.002737850787,
    2015.002737850787,
    2015.002737850787,
    2016.002737850787,
    2012.002737850787,
    2019.002737850787,
    2010.002737850787,
    2022.002737850787,
    2023.002737850787,
    2023.002737850787,
    2017.002737850787,
    2018.002737850787,
    2019.002737850787,
    2016.002737850787,
    2019.002737850787,
    2012.002737850787,
    2013.002737850787,
    2014.002737850787,
    2015.002737850787,
    2016.002737850787,
    2015.002737850787,
    2016.002737850787,
    2017.002737850787,
    2023.002737850787,
    2016.002737850787,
    2017.002737850787,
    2023.002737850787,
    2016.002737850787,
    2015.002737850787,
    2016.002737850787,
    2023.002737850787
  ],
  "paris_sat_n": 10,
  "paris_sat_p": 0.153,
  "paris_sat_exp": 5.9,
  "paris_sat_pct": 10.2,
  "covid_sat_n": 9,
  "covid_sat_p": 0.83,
  "covid_sat_exp": 12.4,
  "covid_sat_pct": 9.2,
  "all_fold_years": [
    2020.002737850787,
    2021.002737850787,
    2019.002737850787,
    2020.002737850787,
    2021.002737850787,
    2016.002737850787,
    2015.002737850787,
    2023.002737850787,
    2013.002737850787,
    2014.002737850787,
    2015.002737850787,
    2015.002737850787,
    2021.002737850787,
    2011.002737850787,
    2012.002737850787,
    2019.002737850787,
    2021.002737850787,
    2021.002737850787,
    2015.002737850787,
    2013.002737850787,
    2013.002737850787,
    2017.002737850787,
    2019.002737850787,
    2023.002737850787,
    2011.002737850787,
    2012.002737850787,
    2013.002737850787,
    2018.002737850787,
    2023.002737850787,
    2014.002737850787,
    2016.002737850787,
    2021.002737850787,
    2011.002737850787,
    2012.002737850787,
    2022.002737850787,
    2023.002737850787,
    2015.002737850787,
    2016.002737850787,
    2011.002737850787,
    2016.002737850787,
    2013.002737850787,
    2016.002737850787,
    2017.002737850787,
    2014.002737850787,
    2018.002737850787,
    2013.002737850787,
    2015.002737850787,
    2018.002737850787,
    2021.002737850787,
    2020.002737850787,
    2023.002737850787,
    2011.002737850787,
    2016.002737850787,
    2017.002737850787,
    2020.002737850787,
    2013.002737850787,
    2015.002737850787,
    2023.002737850787,
    2020.002737850787,
    2018.002737850787,
    2019.002737850787,
    2013.002737850787,
    2014.002737850787,
    2016.002737850787,
    2015.002737850787,
    2014.002737850787,
    2015.002737850787,
    2022.002737850787,
    2023.002737850787,
    2015.002737850787,
    2016.002737850787,
    2017.002737850787,
    2019.002737850787,
    2022.002737850787,
    2023.002737850787,
    2015.002737850787,
    2013.002737850787,
    2014.002737850787,
    2015.002737850787,
    2023.002737850787,
    2023.002737850787,
    2016.002737850787,
    2017.002737850787,
    2023.002737850787,
    2014.002737850787,
    2017.002737850787,
    2023.002737850787,
    2010.002737850787,
    2012.002737850787,
    2016.002737850787,
    2017.002737850787,
    2015.002737850787,
    2023.002737850787,
    2014.002737850787,
    2015.002737850787,
    2012.002737850787,
    2015.002737850787,
    2023.002737850787,
    2021.002737850787,
    2021.002737850787,
    2023.002737850787,
    2019.002737850787,
    2017.002737850787,
    2018.002737850787,
    2012.002737850787,
    2014.002737850787,
    2023.002737850787,
    2018.002737850787,
    2014.002737850787,
    2015.002737850787,
    2015.002737850787,
    2016.002737850787,
    2012.002737850787,
    2012.002737850787,
    2014.002737850787,
    2016.002737850787,
    2013.002737850787,
    2019.002737850787,
    2015.002737850787,
    2010.002737850787,
    2019.002737850787,
    2013.002737850787,
    2017.002737850787,
    2022.002737850787,
    2023.002737850787,
    2018.002737850787,
    2023.002737850787,
    2015.002737850787,
    2017.002737850787,
    2018.002737850787,
    2018.002737850787,
    2019.002737850787,
    2019.002737850787,
    2016.002737850787,
    2018.002737850787,
    2019.002737850787,
    2019.002737850787,
    2012.002737850787,
    2013.002737850787,
    2013.002737850787,
    2014.002737850787,
    2015.002737850787,
    2016.002737850787,
    2015.002737850787,
    2016.002737850787,
    2017.002737850787,
    2023.002737850787,
    2016.002737850787,
    2017.002737850787,
    2023.002737850787,
    2016.002737850787,
    2015.002737850787,
    2016.002737850787,
    2023.002737850787,
    2009.002737850787,
    2013.002737850787,
    2014.002737850787,
    2010.002737850787,
    2012.002737850787
  ],
  "paris_all_n": 22,
  "paris_all_p": 0.072,
  "covid_all_n": 17,
  "covid_all_p": 0.609,