{
  "label": "A-3M",
  "n_entities": 114,
  "total_windows": 4480,
  "median_x0": 0.9593,
  "pct_x0_le1": 82.3,
  "entities_with_folds": 50,
  "total_folds": 86,
  "mean_x0_cv": 0.0742,
  "mean_k_cv": 2.3694,
  "all_phase_dist": {
    "Acceleration": 58.5,
    "Deactivated": 36.2,
    "Deceleration": 3.0,
    "Inflection": 2.3
  },
  "final_phase_dist": {
    "Deceleration": 39.5,
    "Acceleration": 27.2,
    "Deactivated": 22.8,
    "Inflection": 10.5
  },
  "total_sat_folds": 5,
  "n_sat_with_folds": 4,
  "sat_fold_years": [
    2023.498288843258,
    2022.7501711156742,
    2023.498288843258,
    2023.002737850787,
    2023.2491444216291
  ],
  "paris_sat_n": 0,
  "paris_sat_p": 1.0,
  "paris_sat_exp": 2.5,
  "paris_sat_pct": 0.0,
  "covid_sat_n": 0,
  "covid_sat_p": 1.0,
  "covid_sat_exp": 4.5,
  "covid_sat_pct": 0.0,
  "all_fold_years": [
    2021.498288843258,
    2008.2518822724162,
    2010.7501711156742,
    2011.2491444216291,
    2014.2491444216291,
    2017.7501711156742,
    2014.7501711156742,
    2015.2491444216291,
    2012.002737850787,
    2015.7501711156742,
    2021.2491444216291,
    2010.7501711156742,
    2013.7501711156742,
    2015.2491444216291,
    2023.498288843258,
    2020.501026694045,
    2021.498288843258,
    2021.7501711156742,
    2022.002737850787,
    2010.7501711156742,
    2016.501026694045,
    2012.7529089664613,
    2013.7501711156742,
    2014.2491444216291,
    2016.7529089664613,
    2020.501026694045,
    2019.498288843258,
    2015.2491444216291,
    2015.498288843258,
    2013.498288843258,
    2017.7501711156742,
    2018.002737850787,
    2018.002737850787,
    2018.2491444216291,
    2018.498288843258,
    2017.2491444216291,
    2017.498288843258,
    2021.7501711156742,
    2018.7501711156742,
    2019.002737850787,
    2022.2491444216291,
    2022.498288843258,
    2014.7501711156742,
    2020.2518822724162,
    2021.7501711156742,
    2020.7529089664613,
    2022.2491444216291,
    2022.498288843258,
    2022.7501711156742,
    2010.498288843258,
    2014.7501711156742,
    2008.7529089664613,
    2018.7501711156742,
    2011.498288843258,
    2015.7501711156742,
    2014.7501711156742,
    2017.7501711156742,
    2011.498288843258,
    2018.7501711156742,
    2013.7501711156742,
    2019.498288843258,
    2019.7501711156742,
    2012.7529089664613,
    2013.7501711156742,
    2009.7501711156742,
    2013.498288843258,
    2009.2491444216291,
    2013.7501711156742,
    2018.7501711156742,
    2015.002737850787,
    2016.501026694045,
    2016.7529089664613,
    2021.498288843258,
    2009.2491444216291,
    2010.498288843258,
    2018.002737850787,
    2023.498288843258,
    2012.7529089664613,
    2019.498288843258,
    2019.7501711156742,
    2022.7501711156742,
    2023.002737850787,
    2023.2491444216291,
    2009.498288843258,
    2010.498288843258,
    2011.498288843258
  ],
  "paris_all_n": 7,
  "paris_all_p": 0.336,
  "covid_all_n": 10,
  "covid_all_p": 0.785,
  "final_x0_years": [
    2021.870636550308,
    2017.8350444900752,
    2032.0492813141684,
    2019.8733744010951,
    2021.8268309377138,
    2020.0766598220398,
    2024.2409308692677,
    2021.043805612594,
    2035.9445585215606,
    2022.643394934976,
    2019.621492128679,
    2023.4654346338125,
    2022.9199178644765,
    2035.9445585215606,
    2019.37234770705,
    2025.577686516085,
    2022.2381930184804,
    2022.8268309377138,
    2024.5119780971936,
    2020.848733744011,
    2022.621492128679,
    2025.8021902806297,
    2020.8733744010951,
    2020.7720739219712,
    2022.8624229979466,
    2021.3696098562627,
    2021.6488706365503,
    2022.2929500342232,
    2023.7939767282683,
    2024.561259411362,
    2021.6707734428473,
    2020.624229979466,
    2021.7720739219712,
    2017.5968514715948,
    2025.5722108145105,
    2035.0082135523614,
    2025.684462696783,
    2035.9445585215606,
    2025.2600958247776,
    2015.6351813826147,
    2020.7118412046543,
    2028.8733744010951,
    2019.8049281314168,
    2022.7337440109513,
    2023.495550992471,
    2022.6652977412732,
    2035.9445585215606,
    2022.7748117727583,
    2027.8870636550307,
    2021.3175906913073,
    2021.4079397672826,
    2019.7392197125257,
    2021.5284052019165,
    2029.0020533880904,
    2021.7145790554414,
    2021.2819986310747,
    2014.8432580424367,
    2019.807665982204,
    2021.558521560575,
    2021.1204654346338,
    2023.2299794661192,
    2020.1204654346338,
    2022.9828884325805,
    2026.03832991102,
    2022.1204654346338,
    2019.2737850787132,
    2021.1204654346338,
    2021.4709103353866,
    2014.621492128679,
    2021.7474332648871,
    2033.8952772073922,
    2011.9363449691991,
    2023.6789869952088,
    2022.024640657084,
    2024.7446954140999,
    2019.621492128679,
    2021.0328542094455,
    2030.0082135523614,
    2024.6078028747434,
    2018.3969883641341,
    2035.9445585215606,
    2026.7337440109513,
    2022.950034223135,
    2021.4873374401095,
    2023.2984257357973,
    2035.9445585215606,
    2012.8733744010951,
    2019.602327173169,
    2021.1505817932923,
    2023.2053388090349,
    2017.6461327857633,
    2020.4818617385351,
    2026.7939767282683,
    2023.7337440109513,
    2019.7200547570158,
    2021.2190280629707,
    2026.7830253251198,
    2019.9993155373031,
    2016.9637234770705,
    2021.7556468172484,
    2016.8733744010951,
    2019.6981519507187,
    2022.438056125941,
    2026.0465434633813,
    2035.9445585215606,
    2035.9445585215606,
    2022.7720739219712,
    2020.1177275838468,
    2019.7200547570158,
    2025.5229295003423,
    2022.1314168377824,
    2020.1642710472279,
    2021.8021902806297,
    2023.8158795345653
  ],
  "inflection_clusters": [
    {
      "year": 2021.7,
      "count": 63,
      "pct": 55.3,
      "density": 0.11133808318587177
    },
    {
      "year": 2035.6,
      "count": 10,
      "pct": 8.8,
      "density": 0.017033607191730325
    }
  ],
  "n_inflection_clusters": 2
}