{
  "label": "B-12M",
  "n_entities": 114,
  "total_windows": 1192,
  "median_x0": 0.9123,
  "pct_x0_le1": 84.8,
  "entities_with_folds": 38,
  "total_folds": 53,
  "mean_x0_cv": 0.0967,
  "mean_k_cv": 1.7095,
  "all_phase_dist": {
    "Acceleration": 48.8,
    "Deactivated": 37.8,
    "Inflection": 9.8,
    "Deceleration": 3.6
  },
  "final_phase_dist": {
    "Deactivated": 25.4,
    "Deceleration": 25.4,
    "Acceleration": 24.6,
    "Inflection": 24.6
  },
  "total_sat_folds": 30,
  "n_sat_with_folds": 24,
  "sat_fold_years": [
    2012.9199178644765,
    2011.9171800136892,
    2011.9171800136892,
    2010.9171800136892,
    2011.9171800136892,
    2022.9171800136892,
    2010.9171800136892,
    2010.9171800136892,
    2009.9171800136892,
    2010.9171800136892,
    2012.9199178644765,
    2013.9171800136892,
    2019.9171800136892,
    2011.9171800136892,
    2009.9171800136892,
    2012.9199178644765,
    2010.9171800136892,
    2011.9171800136892,
    2014.9171800136892,
    2011.9171800136892,
    2009.9171800136892,
    2010.9171800136892,
    2009.9171800136892,
    2010.9171800136892,
    2013.9171800136892,
    2015.9171800136892,
    2017.9171800136892,
    2011.9171800136892,
    2010.9171800136892,
    2023.498288843258
  ],
  "paris_sat_n": 1,
  "paris_sat_p": 0.712,
  "paris_sat_exp": 2.1,
  "paris_sat_pct": 3.3,
  "covid_sat_n": 1,
  "covid_sat_p": 0.925,
  "covid_sat_exp": 4.1,
  "covid_sat_pct": 3.3,
  "all_fold_years": [
    2012.9199178644765,
    2014.9171800136892,
    2011.9171800136892,
    2010.9171800136892,
    2017.9171800136892,
    2011.9171800136892,
    2016.9199178644765,
    2010.9171800136892,
    2011.9171800136892,
    2021.9171800136892,
    2022.9171800136892,
    2010.9171800136892,
    2015.9171800136892,
    2010.9171800136892,
    2009.9171800136892,
    2015.9171800136892,
    2020.9199178644765,
    2010.9171800136892,
    2018.9171800136892,
    2012.9199178644765,
    2018.9171800136892,
    2015.9171800136892,
    2013.9171800136892,
    2019.9171800136892,
    2011.9171800136892,
    2011.9171800136892,
    2013.9171800136892,
    2022.9171800136892,
    2015.9171800136892,
    2009.9171800136892,
    2012.9199178644765,
    2010.9171800136892,
    2019.9171800136892,
    2011.9171800136892,
    2014.9171800136892,
    2014.9171800136892,
    2011.9171800136892,
    2009.9171800136892,
    2014.9171800136892,
    2010.9171800136892,
    2013.9171800136892,
    2009.9171800136892,
    2010.9171800136892,
    2019.9171800136892,
    2013.9171800136892,
    2015.9171800136892,
    2017.9171800136892,
    2018.9171800136892,
    2018.9171800136892,
    2011.9171800136892,
    2010.9171800136892,
    2013.9171800136892,
    2023.498288843258
  ],
  "paris_all_n": 5,
  "paris_all_p": 0.286,
  "covid_all_n": 4,
  "covid_all_p": 0.758,
  "final_x0_years": [
    2022.03832991102,
    2018.0766598220398,
    2030.9445585215606,
    2020.041067761807,
    2021.5722108145105,
    2019.9418206707735,
    2024.2984257357973,
    2021.1779603011637,
    2030.9445585215606,
    2022.2409308692677,
    2019.8733744010951,
    2023.7446954140999,
    2023.0492813141684,
    2030.9445585215606,
    2019.621492128679,
    2030.9445585215606,
    2022.2792607802876,
    2022.6981519507187,
    2024.9691991786447,
    2020.870636550308,
    2022.7885010266941,
    2028.996577686516,
    2020.955509924709,
    2020.914442162902,
    2023.1724845995893,
    2021.536618754278,
    2021.8542094455852,
    2022.9199178644765,
    2024.3121149897331,
    2023.5639972621493,
    2021.3367556468172,
    2020.8733744010951,
    2021.9171800136892,
    2017.9034907597536,
    2025.8213552361397,
    2030.9445585215606,
    2025.6570841889118,
    2030.9445585215606,
    2025.0465434633813,
    2015.167008898015,
    2020.5968514715948,
    2030.1560574948664,
    2019.5694729637235,
    2022.955509924709,
    2025.2409308692677,
    2022.476386036961,
    2030.9445585215606,
    2022.908966461328,
    2029.1478439425052,
    2021.2765229295003,
    2021.6078028747434,
    2018.9609856262834,
    2019.2792607802876,
    2028.4517453798767,
    2022.03832991102,
    2021.583162217659,
    2014.9609856262834,
    2019.9637234770705,
    2021.498288843258,
    2021.2053388090349,
    2024.6981519507187,
    2020.2984257357973,
    2023.2464065708418,
    2030.9445585215606,
    2022.2053388090349,
    2019.473648186174,
    2021.1943874058863,
    2021.1122518822724,
    2014.7063655030802,
    2022.043805612594,
    2030.9445585215606,
    2011.977412731006,
    2023.6543463381245,
    2022.2135523613963,
    2025.7885010266941,
    2019.7063655030802,
    2021.1834360027378,
    2030.1204654346338,
    2024.9390828199862,
    2018.3997262149212,
    2030.9445585215606,
    2026.0958247775495,
    2023.7720739219712,
    2021.5311430527036,
    2024.8049281314168,
    2030.9445585215606,
    2012.9582477754961,
    2019.5448323066394,
    2020.8158795345653,
    2022.3696098562627,
    2017.5557837097879,
    2020.6269678302533,
    2028.6817248459959,
    2024.1095140314853,
    2019.621492128679,
    2021.4024640657085,
    2027.3230663928816,
    2019.991101984942,
    2017.186173853525,
    2021.7830253251198,
    2016.9582477754961,
    2019.4435318275155,
    2022.7693360711842,
    2026.0739219712525,
    2030.9445585215606,
    2030.9445585215606,
    2023.0465434633813,
    2019.9062286105407,
    2019.8049281314168,
    2026.8980150581792,
    2022.3860369609856,
    2020.6570841889118,
    2021.4928131416839,
    2023.3832991101985
  ],
  "inflection_clusters": [
    {
      "year": 2021.7,
      "count": 57,
      "pct": 50.0,
      "density": 0.10607133253118403
    },
    {
      "year": 2030.1,
      "count": 19,
      "pct": 16.7,
      "density": 0.032576356903772814
    }
  ],
  "n_inflection_clusters": 2
}