{
  "params": {
    "Australia_0": [
      1.0209133012664733,
      44.49488487142783,
      76.0,
      1.032156219460887,
      259.41068500080286,
      259.41068500080286,
      76.0,
      3.413298486852669
    ],
    "Austria_0": [
      0.9822145577443031,
      89.47215651889852,
      10.0,
      2.2433009172042273,
      10.752953876897012,
      10.752953876897012,
      10.0,
      1.0752953876897011
    ],
    "Bangladesh_0": [
      0.9666598720900891,
      5111.18793448933,
      1.0,
      4.294663758369441e-08,
      1.0000000000000586,
      1.0000000000000586,
      1.0,
      1.0000000000000586
    ],
    "Belgium_0": [
      1.1638880828423885,
      73.25031728183382,
      15.0,
      0.9275495366157646,
      2413776.255357037,
      2413776.255357037,
      15.0,
      160918.41702380247
    ],
    "Brazil_0": [
      0.9535632224485191,
      90.46005747017176,
      3.0,
      2.2935936817625158,
      2.410676126283674,
      3.0,
      3.0,
      0.8035587087612246
    ],
    "Canada_0": [
      1.0301657385767056,
      42.907959317719516,
      47.0,
      1.0058872065893536,
      210.71320538869776,
      210.71320538869776,
      47.0,
      4.483259689121229
    ],
    "Chile_0": [
      0.973886532411847,
      104.0476867970932,
      4.0,
      2.0846280477208214,
      3.964188068680443,
      4.0,
      4.0,
      0.9910470171701108
    ],
    "Colombia_0": [
      0.9747858642118084,
      176.537556513948,
      2.0,
      1.7928368635737897,
      2.0848213651396676,
      2.0848213651396676,
      2.0,
      1.0424106825698338
    ],
    "Czech Republic_0": [
      0.9511416801979374,
      460.213698584393,
      6.0,
      1.287570652065157,
      5.519769734017074,
      6.0,
      6.0,
      0.919961622336179
    ],
    "Denmark_0": [
      0.9886276846091132,
      49.62329106751071,
      13.0,
      1.300928338209692,
      20.055411389359676,
      20.055411389359676,
      13.0,
      1.5427239530276675
    ],
    "Estonia_0": [
      0.9888781360233042,
      5121.512398744741,
      1.0,
      5.991390564251354e-08,
      1.0000000000000173,
      1.0000000000000173,
      1.0,
      1.0000000000000173
    ],
    "Fiji_0": [
      0.9370346904143144,
      5075.688667432499,
      1.0,
      3.7828723744149376e-08,
      0.9999999999999809,
      1.0,
      1.0,
      0.9999999999999809
    ],
    "Finland_0": [
      0.9873279426666298,
      55.19737475925476,
      19.0,
      1.1960107136272164,
      28.875494457438332,
      28.875494457438332,
      19.0,
      1.5197628661809648
    ],
    "France_0": [
      1.3080959435717494,
      36.18877071539507,
      15.0,
      1.7359934433372748,
      959899.02585945,
      959899.02585945,
      15.0,
      63993.26839063
    ],
    "Germany_0": [
      0.9849488608562922,
      87.33166946778023,
      56.0,
      0.7654962216483259,
      70.00207453985357,
      70.00207453985357,
      56.0,
      1.250037045354528
    ],
    "Greece_0": [
      1.189737780858462,
      65.7731063283519,
      11.0,
      1.2678575599411115,
      2805583.915732222,
      2805583.915732222,
      11.0,
      255053.08324838383
    ],
    "Hungary_0": [
      0.966135737090685,
      77.78908381850297,
      18.0,
      0.9647752524847059,
      18.235284833790004,
      18.235284833790004,
      18.0,
      1.0130713796550002
    ],
    "India_0": [
      1.1855176136186891,
      55.71679996097739,
      35.0,
      1.677722034674221,
      1038162.3716540673,
      1038162.3716540673,
      35.0,
      29661.782047259065
    ],
    "Ireland_0": [
      0.9844400398304736,
      45.81273902827444,
      10.0,
      2.0980475297685093,
      13.31024129308961,
      13.31024129308961,
      10.0,
      1.331024129308961
    ],
    "Italy_0": [
      1.0041754842031236,
      61.49058136004496,
      32.0,
      1.3177009954481755,
      70.68598935179536,
      70.68598935179536,
      32.0,
      2.208937167243605
    ],
    "Japan_0": [
      1.1779861685323592,
      64.03640279464351,
      16.0,
      1.0933952841671755,
      1402911.359924203,
      1402911.359924203,
      16.0,
      87681.95999526269
    ],
    "Latvia_0": [
      0.9666598720900891,
      5111.18793448933,
      1.0,
      4.294663758369441e-08,
      1.0000000000000586,
      1.0000000000000586,
      1.0,
      1.0000000000000586
    ],
    "Lebanon_0": [
      0.9814744072027304,
      5142.664282318878,
      1.0,
      4.728017097659654e-08,
      0.9999999999999813,
      1.0,
      1.0,
      0.9999999999999813
    ],
    "Malaysia_0": [
      1.2148869467361538,
      43.4223201326823,
      22.0,
      2.3081321941486084,
      230635.9999573117,
      230635.9999573117,
      22.0,
      10483.454543514168
    ],
    "Malta_0": [
      0.9708609429056804,
      79.9273508953227,
      2.0,
      2.5576835314866853,
      2.266204165414115,
      2.266204165414115,
      2.0,
      1.1331020827070575
    ],
    "Netherlands_0": [
      1.0012019316992524,
      56.87141952694214,
      23.0,
      0.9436120692030057,
      47.93955691429663,
      47.93955691429663,
      23.0,
      2.0843285614911577
    ],
    "New Zealand_0": [
      0.9527607738118655,
      72.51812716114955,
      7.0,
      1.2224578698956068,
      7.072086178840575,
      7.072086178840575,
      7.0,
      1.0102980255486536
    ],
    "Nigeria_0": [
      0.9666598720900891,
      5111.18793448933,
      1.0,
      4.294663758369441e-08,
      1.0000000000000586,
      1.0000000000000586,
      1.0,
      1.0000000000000586
    ],
    "North Macedonia_0": [
      0.9814744072027304,
      5142.664282318878,
      1.0,
      4.728017097659654e-08,
      0.9999999999999813,
      1.0,
      1.0,
      0.9999999999999813
    ],
    "Norway_0": [
      0.9726696687507156,
      99.36566835388196,
      22.0,
      0.9252288983799846,
      23.49027832672122,
      23.49027832672122,
      22.0,
      1.0677399239418737
    ],
    "Peoples R China_0": [
      0.9945888280781815,
      72.88754338966493,
      98.0,
      1.1736370818417754,
      160.14145090211602,
      160.14145090211602,
      98.0,
      1.634096437776694
    ],
    "Philippines_0": [
      0.9771336063513507,
      71.40857370408096,
      8.0,
      1.168968756953324,
      9.363411764936751,
      9.363411764936751,
      8.0,
      1.170426470617094
    ],
    "Poland_0": [
      1.1589566478749773,
      76.26445168642176,
      6.0,
      2.9191108810548085,
      1016907.0744613234,
      1016907.0744613234,
      6.0,
      169484.51241022057
    ],
    "Portugal_0": [
      1.068396009849576,
      175.11008759755464,
      8.0,
      0.6705268975549927,
      1268611.2333850022,
      1268611.2333850022,
      8.0,
      158576.40417312528
    ],
    "Romania_0": [
      0.9897445008726767,
      66.15658642375674,
      15.0,
      1.8846882245851078,
      20.730291868142146,
      20.730291868142146,
      15.0,
      1.382019457876143
    ],
    "Serbia_0": [
      0.9518508170176551,
      5206.5853882932515,
      1.0,
      2.5978272167055425e-08,
      0.9999999999999852,
      1.0,
      1.0,
      0.9999999999999852
    ],
    "Singapore_0": [
      0.9990502641738448,
      59.683875065319135,
      17.0,
      0.6876224655363343,
      32.79773918294787,
      32.79773918294787,
      17.0,
      1.929278775467522
    ],
    "Slovakia_0": [
      1.032076056370738,
      66.19411885219111,
      4.0,
      2.1053983779366883,
      36.32860071170285,
      36.32860071170285,
      4.0,
      9.082150177925712
    ],
    "Slovenia_0": [
      0.9801110982048825,
      97.25019410353916,
      9.0,
      1.9904273358016384,
      9.384895544009392,
      9.384895544009392,
      9.0,
      1.0427661715565992
    ],