{
  "params": {
    "USA_0": [
      0.992592592592585,
      2495.0914613880536,
      2.0,
      1.0770123770912494e-07,
      1.9999999999821527,
      2.0,
      2.0,
      0.9999999999910764
    ],
    "UK_0": [
      0.992592592592585,
      2495.0914613880536,
      4.0,
      1.0770123770912494e-07,
      3.9999999999643054,
      4.0,
      4.0,
      0.9999999999910764
    ]
  }
}