{
  "params": {
    "Argentina_0": [
      0.9888781360233042,
      5121.512398744741,
      1.0,
      5.991390564251354e-08,
      1.0000000000000173,
      1.0000000000000173,
      1.0,
      1.0000000000000173
    ],
    "Australia_0": [
      0.9746814875482664,
      45.85518598594772,
      146.0,
      0.49404469855941624,
      192.31670689195258,
      192.31670689195258,
      146.0,
      1.3172377184380313
    ],
    "Austria_0": [
      0.9664310040425976,
      59.47664135320743,
      18.0,
      1.1685567842454785,
      21.07960075390678,
      21.07960075390678,
      18.0,
      1.171088930772599
    ],
    "Bangladesh_0": [
      0.9296164931386349,
      5002.468966124272,
      1.0,
      4.770964819995565e-08,
      0.999999999999977,
      1.0,
      1.0,
      0.999999999999977
    ],
    "Belgium_0": [
      0.972087801166704,
      75.52073741105039,
      34.0,
      0.8179692470332207,
      38.43494307324826,
      38.43494307324826,
      34.0,
      1.1304395021543607
    ],
    "Brazil_0": [
      1.2838149407913344,
      41.76212065850913,
      19.0,
      1.1909125142156332,
      2587725.727310454,
      2587725.727310454,
      19.0,
      136196.09091107652
    ],
    "Canada_0": [
      0.9787464225976658,
      45.347703570413074,
      97.0,
      0.5032081355202093,
      134.41307459928058,
      134.41307459928058,
      97.0,
      1.3857017999925831
    ],
    "Chile_0": [
      0.9816585344804014,
      45.42345753658846,
      9.0,
      1.4512386754613664,
      13.591560679430867,
      13.591560679430867,
      9.0,
      1.5101734088256518
    ],
    "Colombia_0": [
      1.02173065040683,
      49.382214460888775,
      11.0,
      1.3662477537275706,
      44.058744895388784,
      44.058744895388784,
      11.0,
      4.005340445035344
    ],
    "Croatia_0": [
      0.9740688501860386,
      5013.182342512928,
      2.0,
      6.776066294419962e-08,
      2.000000000000091,
      2.000000000000091,
      2.0,
      1.0000000000000455
    ],
    "Czech Republic_0": [
      0.9163310824176948,
      146.55029212757836,
      8.0,
      1.941457655637554,
      6.3235748721252865,
      8.0,
      8.0,
      0.7904468590156608
    ],
    "Denmark_0": [
      0.9816487957829116,
      41.476820169939074,
      29.0,
      0.8376938348668228,
      44.41032253393332,
      44.41032253393332,
      29.0,
      1.5313904322045973
    ],
    "Estonia_0": [
      0.982580582188816,
      56.65546131819856,
      2.0,
      3.1823040989840305,
      2.71033127219273,
      2.71033127219273,
      2.0,
      1.355165636096365
    ],
    "Fiji_0": [
      0.8999978676229675,
      5089.2045435184755,
      1.0,
      2.9731612684144336e-08,
      1.0000000000000309,
      1.0000000000000309,
      1.0,
      1.0000000000000309
    ],
    "Finland_0": [
      0.9796688087877289,
      42.08198158388276,
      42.0,
      0.702650977999691,
      60.79595978166567,
      60.79595978166567,
      42.0,
      1.4475228519444208
    ],
    "France_0": [
      0.9880534540123022,
      49.49262926392921,
      42.0,
      0.8285138788548423,
      67.76935344835103,
      67.76935344835103,
      42.0,
      1.6135560344845483
    ],
    "Germany_0": [
      0.9761371527524126,
      49.533873189419246,
      120.0,
      0.7825488549897522,
      153.69062608487135,
      153.69062608487135,
      120.0,
      1.280755217373928
    ],
    "Ghana_0": [
      0.9814744072027304,
      5142.664282318878,
      1.0,
      4.728017097659654e-08,
      0.9999999999999813,
      1.0,
      1.0,
      0.9999999999999813
    ],
    "Greece_0": [
      0.9708727707837618,
      64.9236284552015,
      22.0,
      0.8980305514954924,
      24.230387593677094,
      24.230387593677094,
      22.0,
      1.1013812542580497
    ],
    "Hungary_0": [
      0.936232658247301,
      60.805026954199846,
      22.0,
      0.8006730203050735,
      21.621304919425068,
      22.0,
      22.0,
      0.9827865872465941
    ],
    "India_0": [
      0.9792015853438145,
      61.67393668343734,
      91.0,
      0.8793530872572827,
      117.887252123539,
      117.887252123539,
      91.0,
      1.2954643090498792
    ],
    "Indonesia_0": [
      0.9817890617487709,
      140.1338019306181,
      3.0,
      1.4843425576948397,
      3.371736752223385,
      3.371736752223385,
      3.0,
      1.1239122507411283
    ],
    "Iran_0": [
      0.9682288598402331,
      146.27374180490347,
      3.0,
      1.9815123357857594,
      2.7888557983536684,
      3.0,
      3.0,
      0.9296185994512227
    ],
    "Ireland_0": [
      0.9750682949213499,
      40.15037249599522,
      19.0,
      1.0816539182520308,
      27.0853677692256,
      27.0853677692256,
      19.0,
      1.4255456720645052
    ],
    "Israel_0": [
      0.9954249744461188,
      112.22612204535453,
      3.0,
      1.6484390640700495,
      4.773762863161608,
      4.773762863161608,
      3.0,
      1.591254287720536
    ],
    "Italy_0": [
      0.9921516149654287,
      48.08516510025411,
      87.0,
      0.5883255396713718,
      147.9730245946569,
      147.9730245946569,
      87.0,
      1.7008393631569758
    ],
    "Japan_0": [
      0.9592112251007654,
      83.48033521578057,
      23.0,
      0.880062372845038,
      23.526621505721497,
      23.526621505721497,
      23.0,
      1.0228965872052824
    ],
    "Latvia_0": [
      0.9738983987502352,
      36.95300725619715,
      2.0,
      3.7214389153683176,
      2.4973759017229256,
      2.4973759017229256,
      2.0,
      1.2486879508614628
    ],
    "Lebanon_0": [
      0.9618336541334634,
      84.06420503948686,
      2.0,
      2.3108688249653526,
      2.157526212271184,
      2.157526212271184,
      2.0,
      1.078763106135592
    ],
    "Lithuania_0": [
      0.9592491033181101,
      5214.954715784281,
      1.0,
      2.7111713488696896e-08,
      1.0000000000000386,
      1.0000000000000386,
      1.0,
      1.0000000000000386
    ],
    "Luxembourg_0": [
      0.9708025274952229,
      325.01690661439886,
      6.0,
      0.6384443003629985,
      5.933038141242465,
      6.0,
      6.0,
      0.9888396902070775
    ],
    "Malaysia_0": [
      0.9741283308806791,
      54.31477431733568,
      45.0,
      0.9499262825325788,
      57.21547956725851,
      57.21547956725851,
      45.0,
      1.2714551014946336
    ],
    "Malta_0": [
      0.9304461141031248,
      90.2211986677404,
      2.0,
      1.7679356980601026,
      2.048661397813362,
      2.048661397813362,
      2.0,
      1.024330698906681
    ],
    "Mexico_0": [
      0.9857664216666205,
      168.34788200755344,
      7.0,
      1.563903326019848,
      8.067377119854575,
      8.067377119854575,
      7.0,
      1.1524824456935108
    ],
    "Nepal_0": [
      0.9814744072027304,
      5142.664282318878,
      1.0,
      4.728017097659654e-08,
      0.9999999999999813,
      1.0,
      1.0,
      0.9999999999999813
    ],
    "Netherlands_0": [
      0.9729494295951684,
      55.46343191363752,
      52.0,
      0.680289074429334,
      65.78317294835013,
      65.78317294835013,
      52.0,
      1.2650610182375024
    ],
    "New Zealand_0": [
      1.019892920307977,
      24.708444196929783,
      16.0,
      1.7444058709192949,
      39.54352610076365,
      39.54352610076365,
      16.0,
      2.471470381297728
    ],
    "Nicaragua_0": [
      0.9888781360233042,
      5121.512398744741,
      1.0,
      5.991390564251354e-08,
      1.0000000000000173,
      1.0000000000000173,
      1.0,
      1.0000000000000173
    ],
    "Nigeria_0": [
      0.9728295431462474,
      52.081022074514564,
      3.0,
      2.0824597058934504,
      3.957484313550766,
      3.957484313550766,
      3.0,
      1.3191614378502552
    ],