{
  "params": {
    "Australia_0": [
      1.009660053519586,
      87.26866467250987,
      16.0,
      1.9932901879222358,
      52.09850097594243,
      52.09850097594243,
      16.0,
      3.256156310996402
    ],
    "Brazil_0": [
      0.9814744072027304,
      5142.664282318878,
      1.0,
      4.728017097659654e-08,
      0.9999999999999813,
      1.0,
      1.0,
      0.9999999999999813
    ],
    "Canada_0": [
      1.0001418564202458,
      100.75456275740078,
      10.0,
      0.709250371906277,
      19.95686509628792,
      19.95686509628792,
      10.0,
      1.995686509628792
    ],
    "Czech Republic_0": [
      1.065002813128215,
      178.3423545716576,
      5.0,
      1.6549671712083365,
      536998.7833945944,
      536998.7833945944,
      5.0,
      107399.75667891889
    ],
    "Denmark_0": [
      1.1266307047007482,
      86.24285928072555,
      5.0,
      2.064045755451078,
      269786.47149450675,
      269786.47149450675,
      5.0,
      53957.29429890135
    ],
    "Fiji_0": [
      0.9814744072027304,
      5142.664282318878,
      1.0,
      4.728017097659654e-08,
      0.9999999999999813,
      1.0,
      1.0,
      0.9999999999999813
    ],
    "Finland_0": [
      0.9833583635403479,
      1137.7407054038595,
      5.0,
      1.1055157543046064,
      4.500184678229369,
      5.0,
      5.0,
      0.9000369356458737
    ],
    "France_0": [
      1.032076056370738,
      66.19411885219111,
      4.0,
      2.1053983779366883,
      36.32860071170285,
      36.32860071170285,
      4.0,
      9.082150177925712
    ],
    "Germany_0": [
      0.9916754026214898,
      174.81712843769398,
      5.0,
      1.5068300580058465,
      6.0674325870702965,
      6.0674325870702965,
      5.0,
      1.2134865174140592
    ],
    "Greece_0": [
      0.9814744072027304,
      5142.664282318878,
      1.0,
      4.728017097659654e-08,
      0.9999999999999813,
      1.0,
      1.0,
      0.9999999999999813
    ],
    "Hungary_0": [
      0.9959135419154956,
      132.28979311975144,
      6.0,
      2.5749782467669093,
      9.266998831092408,
      9.266998831092408,
      6.0,
      1.544499805182068
    ],
    "Ireland_0": [
      0.9859416697473568,
      278.58155622830805,
      4.0,
      1.3253518090018932,
      3.864048878599793,
      4.0,
      4.0,
      0.9660122196499482
    ],
    "Italy_0": [
      1.0927291732033801,
      116.74303337006317,
      3.0,
      2.0984080183998786,
      148862.13479685038,
      148862.13479685038,
      3.0,
      49620.711598950125
    ],
    "Japan_0": [
      0.9814744072027304,
      5142.664282318878,
      1.0,
      4.728017097659654e-08,
      0.9999999999999813,
      1.0,
      1.0,
      0.9999999999999813
    ],
    "Malaysia_0": [
      1.0927291732033801,
      116.74303337006317,
      3.0,
      2.0984080183998786,
      148862.13479685038,
      148862.13479685038,
      3.0,
      49620.711598950125
    ],
    "Netherlands_0": [
      1.0053436857555405,
      149.94680313661692,
      5.0,
      0.8080741715027039,
      16.116014508648725,
      16.116014508648725,
      5.0,
      3.2232029017297448
    ],
    "New Zealand_0": [
      0.9817657549316197,
      153.0760264196626,
      4.0,
      1.7638250526055523,
      4.059163420846701,
      4.059163420846701,
      4.0,
      1.0147908552116753
    ],
    "Norway_0": [
      1.065002813128215,
      178.3423545716576,
      5.0,
      1.6549671712083365,
      536998.7833945944,
      536998.7833945944,
      5.0,
      107399.75667891889
    ],
    "Peoples R China_0": [
      1.035397552047317,
      300.34551657528783,
      11.0,
      0.941251003309422,
      455194.93637272716,
      455194.93637272716,
      11.0,
      41381.3578520661
    ],
    "Philippines_0": [
      0.992592592592585,
      2495.0914613880536,
      2.0,
      1.0770123770912494e-07,
      1.9999999999821527,
      2.0,
      2.0,
      0.9999999999910764
    ],
    "Singapore_0": [
      0.9935151660049129,
      68.52021775111562,
      2.0,
      3.5777935492144164,
      2.9297525439020173,
      2.9297525439020173,
      2.0,
      1.4648762719510087
    ],
    "South Africa_0": [
      0.9959135419154956,
      132.28979311975144,
      2.0,
      2.5749782467669093,
      3.088999610364136,
      3.088999610364136,
      2.0,
      1.544499805182068
    ],
    "South Korea_0": [
      0.9814744072027304,
      5142.664282318878,
      2.0,
      4.728017097659654e-08,
      1.9999999999999627,
      2.0,
      2.0,
      0.9999999999999813
    ],
    "Switzerland_0": [
      1.0022661325871889,
      94.38010754549992,
      4.0,
      2.160322043433146,
      8.685843897368931,
      8.685843897368931,
      4.0,
      2.171460974342233
    ],
    "U Arab Emirates_0": [
      0.9814744072027304,
      5142.664282318878,
      1.0,
      4.728017097659654e-08,
      0.9999999999999813,
      1.0,
      1.0,
      0.9999999999999813
    ],
    "USA_0": [
      1.0091129666405998,
      82.68814921478389,
      90.0,
      1.1563218458166038,
      276.63036797153586,
      276.63036797153586,
      90.0,
      3.0736707552392875
    ],
    "UK_0": [
      0.9906598519361521,
      100.442148373304,
      58.0,
      0.8888402371656244,
      79.16166717905068,
      79.16166717905068,
      58.0,
      1.3648563306732877
    ]
  }
}