{
  "params": {
    "Australia_0": [
      0.987925233653489,
      46.5420351864177,
      117.0,
      0.6665680682747721,
      185.12971032094507,
      185.12971032094507,
      117.0,
      1.582305216418334
    ],
    "Austria_0": [
      0.9838743586400519,
      56.6441649202728,
      16.0,
      1.5211090623479817,
      22.501681391311756,
      22.501681391311756,
      16.0,
      1.4063550869569847
    ],
    "Bangladesh_0": [
      0.9444420566256868,
      5132.955637332785,
      1.0,
      3.221310461719837e-08,
      0.9999999999999925,
      1.0,
      1.0,
      0.9999999999999925
    ],
    "Belgium_0": [
      0.9821221881566805,
      85.52247666947697,
      26.0,
      1.0627102226336858,
      32.47180193225243,
      32.47180193225243,
      26.0,
      1.2489154589327858
    ],
    "Brazil_0": [
      1.278063851575417,
      37.08333976106677,
      9.0,
      2.0237388785842834,
      281324.780208246,
      281324.780208246,
      9.0,
      31258.308912027336
    ],
    "Canada_0": [
      0.9943323412353762,
      44.977636463481026,
      76.0,
      0.6978876857065652,
      136.77482728017185,
      136.77482728017185,
      76.0,
      1.7996687800022613
    ],
    "Chile_0": [
      1.0271691535715328,
      38.01721386699684,
      8.0,
      1.8707249818228797,
      29.15281797339407,
      29.15281797339407,
      8.0,
      3.644102246674259
    ],
    "Colombia_0": [
      1.228063331221831,
      44.20613870316754,
      6.0,
      2.400316269379797,
      144287.93065041362,
      144287.93065041362,
      6.0,
      24047.988441735604
    ],
    "Croatia_0": [
      0.9888781360233042,
      5121.512398744741,
      2.0,
      5.991390564251354e-08,
      2.0000000000000346,
      2.0000000000000346,
      2.0,
      1.0000000000000173
    ],
    "Czech Republic_0": [
      0.9291786551567641,
      416.2359490071924,
      6.0,
      1.1536429304684803,
      5.686116616472692,
      6.0,
      6.0,
      0.9476861027454486
    ],
    "Denmark_0": [
      1.0404201092039742,
      33.93110680429375,
      26.0,
      0.8914651837662823,
      125.29219395237853,
      125.29219395237853,
      26.0,
      4.818930536629943
    ],
    "Estonia_0": [
      0.9666598720900891,
      5111.18793448933,
      1.0,
      4.294663758369441e-08,
      1.0000000000000586,
      1.0000000000000586,
      1.0,
      1.0000000000000586
    ],
    "Fiji_0": [
      0.9148056215925109,
      5066.166838661264,
      1.0,
      3.4706445839095997e-08,
      0.9999999999999954,
      1.0,
      1.0,
      0.9999999999999954
    ],
    "Finland_0": [
      1.0026772919888214,
      39.520968471582286,
      35.0,
      0.9294140555722057,
      72.91143469069647,
      72.91143469069647,
      35.0,
      2.0831838483056133
    ],
    "France_0": [
      1.0352709854060205,
      40.746772907828785,
      31.0,
      0.9796866712054002,
      166.65610391836978,
      166.65610391836978,
      31.0,
      5.376003352205477
    ],
    "Germany_0": [
      0.9764290193840615,
      62.13002177967866,
      88.0,
      0.8579828452946279,
      106.7885886062044,
      106.7885886062044,
      88.0,
      1.2135066887068682
    ],
    "Greece_0": [
      0.9761712276412126,
      88.50388077326636,
      16.0,
      0.9559591713151461,
      18.167314982086765,
      18.167314982086765,
      16.0,
      1.1354571863804228
    ],
    "Hungary_0": [
      0.947781776001627,
      67.89687198654299,
      20.0,
      0.7972288649769853,
      20.135669200608923,
      20.135669200608923,
      20.0,
      1.0067834600304462
    ],
    "India_0": [
      0.9876731100953089,
      67.39109792726866,
      64.0,
      1.1963683142759098,
      95.580394298822,
      95.580394298822,
      64.0,
      1.4934436609190938
    ],
    "Indonesia_0": [
      0.9959135419154956,
      132.28979311975144,
      2.0,
      2.5749782467669093,
      3.088999610364136,
      3.088999610364136,
      2.0,
      1.544499805182068
    ],
    "Iran_0": [
      0.9777777777777749,
      2533.1514164496543,
      2.0,
      6.038294329403794e-08,
      1.9999999999928877,
      2.0,
      2.0,
      0.9999999999964438
    ],
    "Ireland_0": [
      0.998350527194414,
      37.403013505774005,
      16.0,
      1.3396745881218166,
      32.06562658967007,
      32.06562658967007,
      16.0,
      2.004101661854379
    ],
    "Israel_0": [
      0.9888781360233042,
      5121.512398744741,
      1.0,
      5.991390564251354e-08,
      1.0000000000000173,
      1.0000000000000173,
      1.0,
      1.0000000000000173
    ],
    "Italy_0": [
      0.9920783330448105,
      54.61011772762107,
      59.0,
      0.6716982241366228,
      96.13311936439484,
      96.13311936439484,
      59.0,
      1.6293749044812686
    ],
    "Japan_0": [
      0.9735767837249774,
      85.24109502520889,
      22.0,
      1.1318966084622193,
      23.201563879183702,
      23.201563879183702,
      22.0,
      1.0546165399628955
    ],
    "Latvia_0": [
      0.9444420566256868,
      5132.955637332785,
      1.0,
      3.221310461719837e-08,
      0.9999999999999925,
      1.0,
      1.0,
      0.9999999999999925
    ],
    "Lebanon_0": [
      0.9820121075583674,
      73.22469056880256,
      2.0,
      2.9216295763977547,
      2.550707975624471,
      2.550707975624471,
      2.0,
      1.2753539878122355
    ],
    "Lithuania_0": [
      0.9740688501860386,
      5013.182342512928,
      1.0,
      6.776066294419962e-08,
      1.0000000000000455,
      1.0000000000000455,
      1.0,
      1.0000000000000455
    ],
    "Luxembourg_0": [
      0.9852244646402337,
      371.1080634320114,
      6.0,
      0.8583206419019835,
      5.726329155736101,
      6.0,
      6.0,
      0.9543881926226836
    ],
    "Malaysia_0": [
      0.9923174017799965,
      51.700679225816195,
      36.0,
      1.2951930698292888,
      62.234485146297295,
      62.234485146297295,
      36.0,
      1.7287356985082583
    ],
    "Malta_0": [
      0.94573724766375,
      88.31900094336275,
      2.0,
      1.982484922695648,
      2.0773232541095177,
      2.0773232541095177,
      2.0,
      1.0386616270547588
    ],
    "Mexico_0": [
      0.990205492516762,
      216.14539019029723,
      3.0,
      0.8927986033256928,
      3.3279423439810327,
      3.3279423439810327,
      3.0,
      1.1093141146603442
    ],
    "Netherlands_0": [
      1.0053862724165756,
      46.25669078552455,
      46.0,
      0.7121004284401401,
      105.2826737796179,
      105.2826737796179,
      46.0,
      2.28875377781778
    ],
    "New Zealand_0": [
      0.9479923339336471,
      46.19643214876351,
      10.0,
      1.3809201759091387,
      10.113017299580795,
      10.113017299580795,
      10.0,
      1.0113017299580795
    ],
    "Nigeria_0": [
      1.031546560246668,
      39.59337978865144,
      3.0,
      2.6134714232251275,
      12.869695939931423,
      12.869695939931423,
      3.0,
      4.289898646643808
    ],
    "North Macedonia_0": [
      0.9592491033181101,
      5214.954715784281,
      1.0,
      2.7111713488696896e-08,
      1.0000000000000386,
      1.0000000000000386,
      1.0,
      1.0000000000000386
    ],
    "Norway_0": [
      0.9651331061353998,
      60.71294944420977,
      33.0,
      1.1487664233315469,
      35.813017716970094,
      35.813017716970094,
      33.0,
      1.0852429611203058
    ],
    "Pakistan_0": [
      1.1346722905847708,
      86.30937885195499,
      3.0,
      2.9206432903093136,
      318583.287391188,
      318583.287391188,
      3.0,
      106194.42913039599
    ],
    "Peoples R China_0": [
      0.9801032878687954,
      63.30261586152487,
      159.0,
      0.7468245537228703,
      204.2001641724191,
      204.2001641724191,
      159.0,
      1.2842777620906862
    ],