{
  "params": {
    "Australia_0": [
      0.9888781360233042,
      5121.512398744741,
      2.0,
      5.991390564251354e-08,
      2.0000000000000346,
      2.0000000000000346,
      2.0,
      1.0000000000000173
    ],
    "Canada_0": [
      0.992592592592585,
      2495.0914613880536,
      2.0,
      1.0770123770912494e-07,
      1.9999999999821527,
      2.0,
      2.0,
      0.9999999999910764
    ],
    "France_0": [
      0.9888781360233042,
      5121.512398744741,
      1.0,
      5.991390564251354e-08,
      1.0000000000000173,
      1.0000000000000173,
      1.0,
      1.0000000000000173
    ],
    "New Zealand_0": [
      0.9888781360233042,
      5121.512398744741,
      1.0,
      5.991390564251354e-08,
      1.0000000000000173,
      1.0000000000000173,
      1.0,
      1.0000000000000173
    ],
    "Singapore_0": [
      0.9888781360233042,
      5121.512398744741,
      1.0,
      5.991390564251354e-08,
      1.0000000000000173,
      1.0000000000000173,
      1.0,
      1.0000000000000173
    ],
    "USA_0": [
      0.9914404031626779,
      337.4558957743885,
      19.0,
      0.42662813809016403,
      20.071077568495664,
      20.071077568495664,
      19.0,
      1.0563725036050349
    ],
    "UK_0": [
      0.9919211347081909,
      177.09885893021922,
      15.0,
      0.5141660095133926,
      18.62903499364385,
      18.62903499364385,
      15.0,
      1.2419356662429233
    ]
  }
}