{
  "params": {
    "Australia_0": [
      0.9844282651337322,
      88.14838576192665,
      33.0,
      0.9504046966091375,
      42.106050244801466,
      42.106050244801466,
      33.0,
      1.2759409165091353
    ],
    "Austria_0": [
      0.9890356139581731,
      370.3075591248527,
      5.0,
      0.14413591073346296,
      5.081623833801472,
      5.081623833801472,
      5.0,
      1.0163247667602944
    ],
    "Bangladesh_0": [
      0.9888781360233042,
      5121.512398744741,
      1.0,
      5.991390564251354e-08,
      1.0000000000000173,
      1.0000000000000173,
      1.0,
      1.0000000000000173
    ],
    "Belgium_0": [
      0.9834020000859508,
      766.3435640188469,
      3.0,
      2.027096711852166,
      2.5032349435321537,
      3.0,
      3.0,
      0.8344116478440513
    ],
    "Brazil_0": [
      0.9723614235313354,
      111.96903529441879,
      2.0,
      2.246495708807708,
      2.162517850800242,
      2.162517850800242,
      2.0,
      1.081258925400121
    ],
    "Canada_0": [
      0.9840699988169986,
      85.44287859286308,
      20.0,
      0.7058403889078315,
      25.393168697834113,
      25.393168697834113,
      20.0,
      1.2696584348917057
    ],
    "Chile_0": [
      1.1346722905847708,
      86.30937885195499,
      3.0,
      2.9206432903093136,
      318583.287391188,
      318583.287391188,
      3.0,
      106194.42913039599
    ],
    "Colombia_0": [
      0.9888781360233042,
      5121.512398744741,
      1.0,
      5.991390564251354e-08,
      1.0000000000000173,
      1.0000000000000173,
      1.0,
      1.0000000000000173
    ],
    "Czech Republic_0": [
      0.9722518864530733,
      730.3951067271997,
      5.0,
      1.1693231537694602,
      5.021182050499524,
      5.021182050499524,
      5.0,
      1.0042364100999048
    ],
    "Denmark_0": [
      0.9736031274636967,
      107.8723357528593,
      7.0,
      1.8417236204364913,
      6.685994984997948,
      7.0,
      7.0,
      0.9551421407139926
    ],
    "Fiji_0": [
      0.9592491033181101,
      5214.954715784281,
      1.0,
      2.7111713488696896e-08,
      1.0000000000000386,
      1.0000000000000386,
      1.0,
      1.0000000000000386
    ],
    "Finland_0": [
      0.987472842709799,
      68.83768050503308,
      10.0,
      2.296191736961773,
      13.697858443541865,
      13.697858443541865,
      10.0,
      1.3697858443541864
    ],
    "France_0": [
      0.9786637740929458,
      78.641105192852,
      6.0,
      1.398456494470271,
      7.32819142938056,
      7.32819142938056,
      6.0,
      1.2213652382300932
    ],
    "Germany_0": [
      0.9919646192619129,
      123.3276945665018,
      22.0,
      1.3830906294140908,
      30.975425139803335,
      30.975425139803335,
      22.0,
      1.4079738699910607
    ],
    "Greece_0": [
      0.9820121075583674,
      73.22469056880256,
      2.0,
      2.9216295763977547,
      2.550707975624471,
      2.550707975624471,
      2.0,
      1.2753539878122355
    ],
    "Hungary_0": [
      0.9788160117119248,
      119.25306508056535,
      12.0,
      0.9682499072539043,
      13.040159255221706,
      13.040159255221706,
      12.0,
      1.0866799379351422
    ],
    "India_0": [
      0.9894670424699492,
      171.13040890601965,
      11.0,
      1.6908877982237376,
      13.100635644038183,
      13.100635644038183,
      11.0,
      1.190966876730744
    ],
    "Ireland_0": [
      0.9672355813947492,
      170.71679206295562,
      5.0,
      1.2391825003383306,
      4.766990540569628,
      5.0,
      5.0,
      0.9533981081139257
    ],
    "Italy_0": [
      0.9864250126303794,
      152.4770306353712,
      11.0,
      1.024877275290946,
      12.776880282947928,
      12.776880282947928,
      11.0,
      1.1615345711770844
    ],
    "Japan_0": [
      0.9995877187869906,
      69.62729003986537,
      3.0,
      3.003860448734018,
      6.247208032727525,
      6.247208032727525,
      3.0,
      2.0824026775758417
    ],
    "Latvia_0": [
      0.9888781360233042,
      5121.512398744741,
      1.0,
      5.991390564251354e-08,
      1.0000000000000173,
      1.0000000000000173,
      1.0,
      1.0000000000000173
    ],
    "Malaysia_0": [
      0.9857407588079777,
      145.86288327563855,
      9.0,
      1.6253665085664784,
      10.692416724531173,
      10.692416724531173,
      9.0,
      1.1880463027256858
    ],
    "Malta_0": [
      0.9740688501860386,
      5013.182342512928,
      1.0,
      6.776066294419962e-08,
      1.0000000000000455,
      1.0000000000000455,
      1.0,
      1.0000000000000455
    ],
    "Netherlands_0": [
      0.9816970464858616,
      113.43693514828966,
      9.0,
      1.3414849859067461,
      10.034007015344715,
      10.034007015344715,
      9.0,
      1.114889668371635
    ],
    "New Zealand_0": [
      0.9724351962778677,
      79.53695011174617,
      6.0,
      1.6210278870720176,
      6.609144908819081,
      6.609144908819081,
      6.0,
      1.1015241514698468
    ],
    "Nigeria_0": [
      0.9888781360233042,
      5121.512398744741,
      1.0,
      5.991390564251354e-08,
      1.0000000000000173,
      1.0000000000000173,
      1.0,
      1.0000000000000173
    ],
    "Norway_0": [
      0.9869729827022706,
      124.69945416779653,
      13.0,
      1.1715096191262677,
      15.713882688745484,
      15.713882688745484,
      13.0,
      1.2087602068265757
    ],
    "Peoples R China_0": [
      0.9868727908098613,
      167.8155188808928,
      32.0,
      2.0158647970001358,
      37.320045440242296,
      37.320045440242296,
      32.0,
      1.1662514200075718
    ],
    "Philippines_0": [
      0.9784572503970578,
      172.4310626407138,
      4.0,
      0.7260634021569983,
      4.163205440478399,
      4.163205440478399,
      4.0,
      1.0408013601195998
    ],
    "Poland_0": [
      0.9740688501860386,
      5013.182342512928,
      1.0,
      6.776066294419962e-08,
      1.0000000000000455,
      1.0000000000000455,
      1.0,
      1.0000000000000455
    ],
    "Romania_0": [
      0.9865907571916617,
      172.83035324381825,
      7.0,
      1.0892890049192676,
      7.786510251075885,
      7.786510251075885,
      7.0,
      1.112358607296555
    ],
    "Serbia_0": [
      0.9740688501860386,
      5013.182342512928,
      1.0,
      6.776066294419962e-08,
      1.0000000000000455,
      1.0000000000000455,
      1.0,
      1.0000000000000455
    ],
    "Singapore_0": [
      1.0024660611911809,
      73.56498622027014,
      7.0,
      1.6582777186723843,
      15.969399260822234,
      15.969399260822234,
      7.0,
      2.2813427515460334
    ],
    "Slovakia_0": [
      0.9888781360233042,
      5121.512398744741,
      1.0,
      5.991390564251354e-08,
      1.0000000000000173,
      1.0000000000000173,
      1.0,
      1.0000000000000173
    ],
    "Slovenia_0": [
      0.9855701833877327,
      2853.551737845696,
      4.0,
      1.162868787441644e-08,
      4.000000003965365,
      4.000000003965365,
      4.0,
      1.0000000009913412
    ],
    "South Africa_0": [
      0.99066292367933,
      75.80810729379962,
      4.0,
      1.6118483670803283,
      5.8059760052663005,
      5.8059760052663005,
      4.0,
      1.4514940013165751
    ],
    "South Korea_0": [
      0.9592491033181101,
      5214.954715784281,
      2.0,
      2.7111713488696896e-08,
      2.0000000000000773,
      2.0000000000000773,
      2.0,
      1.0000000000000386
    ],
    "Spain_0": [
      0.9885857917891125,
      210.40057763253884,
      17.0,
      0.26059303837096587,
      18.549904075634828,
      18.549904075634828,
      17.0,
      1.0911708279785193
    ],
    "Sweden_0": [
      0.9967939495842737,
      168.96786312298394,
      4.0,
      0.8923399350986988,
      6.305214433600914,
      6.305214433600914,
      4.0,
      1.5763036084002284
    ],