{
  "params": {
    "Albania_0": [
      0.9814744072027304,
      5142.664282318878,
      1.0,
      4.728017097659654e-08,
      0.9999999999999813,
      1.0,
      1.0,
      0.9999999999999813
    ],
    "Algeria_0": [
      0.9834020000859508,
      766.3435640188469,
      3.0,
      2.027096711852166,
      2.5032349435321537,
      3.0,
      3.0,
      0.8344116478440513
    ],
    "Argentina_0": [
      1.0172110984783707,
      68.26469857090356,
      3.0,
      2.1343933011462655,
      12.632854185192535,
      12.632854185192535,
      3.0,
      4.210951395064178
    ],
    "Australia_0": [
      0.967572671786487,
      38.45732045791234,
      208.0,
      0.524322074848164,
      258.35279120075995,
      258.35279120075995,
      208.0,
      1.2420807269267304
    ],
    "Austria_0": [
      0.9593539950211796,
      44.33179805017391,
      28.0,
      1.3334640391611048,
      28.763360324253895,
      28.763360324253895,
      28.0,
      1.0272628687233534
    ],
    "Bangladesh_0": [
      1.4937088577871425,
      21.240032527206257,
      3.0,
      3.5857209068189393,
      92510.17491860772,
      92510.17491860772,
      3.0,
      30836.72497286924
    ],
    "Belgium_0": [
      0.9619843854496483,
      55.71875301174244,
      49.0,
      0.7821632598277294,
      52.63400024076949,
      52.63400024076949,
      49.0,
      1.0741632702197854
    ],
    "Brazil_0": [
      1.0107070438086392,
      45.3908091932917,
      38.0,
      0.6875402847454088,
      99.11164061457015,
      99.11164061457015,
      38.0,
      2.6082010688044774
    ],
    "Canada_0": [
      0.9730492397568418,
      38.27426090883984,
      142.0,
      0.49516017135824103,
      188.28251153342785,
      188.28251153342785,
      142.0,
      1.3259331798128722
    ],
    "Chile_0": [
      1.019078205803202,
      33.56898577353145,
      19.0,
      1.1758079152154612,
      55.32831378040937,
      55.32831378040937,
      19.0,
      2.912016514758388
    ],
    "Colombia_0": [
      0.9815081126181395,
      59.958662470214094,
      19.0,
      0.8175331678717702,
      26.112234927824574,
      26.112234927824574,
      19.0,
      1.3743281540960302
    ],
    "Croatia_0": [
      0.9537401389086249,
      985.5649066859495,
      4.0,
      3.4877950236042143,
      2.333465138532045,
      4.0,
      4.0,
      0.5833662846330112
    ],
    "Cyprus_0": [
      0.9814744072027304,
      5142.664282318878,
      2.0,
      4.728017097659654e-08,
      1.9999999999999627,
      2.0,
      2.0,
      0.9999999999999813
    ],
    "Czech Republic_0": [
      0.9798590482064362,
      23.385924625031645,
      13.0,
      2.6434067158234495,
      19.97451771969776,
      19.97451771969776,
      13.0,
      1.536501363053674
    ],
    "Denmark_0": [
      0.9796257538141152,
      34.52911104492643,
      45.0,
      0.6991021735034726,
      64.81015756338178,
      64.81015756338178,
      45.0,
      1.4402257236307061
    ],
    "Ecuador_0": [
      0.9888781360233042,
      5121.512398744741,
      1.0,
      5.991390564251354e-08,
      1.0000000000000173,
      1.0000000000000173,
      1.0,
      1.0000000000000173
    ],
    "Estonia_0": [
      1.2827912810656614,
      29.427882813226592,
      4.0,
      2.979659956784617,
      14416.696768298942,
      14416.696768298942,
      4.0,
      3604.1741920747354
    ],
    "Fiji_0": [
      1.6594449284638966,
      14.399261859997619,
      3.0,
      4.76896539115329,
      28540.84252544201,
      28540.84252544201,
      3.0,
      9513.614175147337
    ],
    "Finland_0": [
      0.9524329491243477,
      44.55064341694732,
      49.0,
      0.5600968004572593,
      54.82696993584454,
      54.82696993584454,
      49.0,
      1.1189177537927457
    ],
    "France_0": [
      0.9755361402482997,
      45.24259370537031,
      66.0,
      0.710973805113257,
      87.02095553215435,
      87.02095553215435,
      66.0,
      1.3184993262447628
    ],
    "Germany_0": [
      0.9709916261781787,
      40.68603225579265,
      173.0,
      0.6521361321234476,
      220.77851304731715,
      220.77851304731715,
      173.0,
      1.276176375996053
    ],
    "Ghana_0": [
      0.9592491033181101,
      5214.954715784281,
      1.0,
      2.7111713488696896e-08,
      1.0000000000000386,
      1.0000000000000386,
      1.0,
      1.0000000000000386
    ],
    "Greece_0": [
      1.001957867120468,
      36.335631903186915,
      41.0,
      0.9711848016419022,
      82.5926384990573,
      82.5926384990573,
      41.0,
      2.014454597537983
    ],
    "Hungary_0": [
      0.9272649560762727,
      42.99194045862496,
      28.0,
      1.177604629632094,
      27.14896454840111,
      28.0,
      28.0,
      0.9696058767286111
    ],
    "India_0": [
      0.9841352468347425,
      43.33936922502098,
      160.0,
      0.8620131324189941,
      230.3273102553851,
      230.3273102553851,
      160.0,
      1.4395456890961569
    ],
    "Indonesia_0": [
      0.998149956336596,
      61.091810690254476,
      9.0,
      1.4950821804228547,
      16.469083413775703,
      16.469083413775703,
      9.0,
      1.8298981570861892
    ],
    "Iran_0": [
      1.2453610684848708,
      48.95963689040962,
      11.0,
      2.5609711465040363,
      1606809.1835139678,
      1606809.1835139678,
      11.0,
      146073.56213763345
    ],
    "Ireland_0": [
      0.9666740508014863,
      35.41829280311101,
      27.0,
      0.8246468940939026,
      35.047820688967235,
      35.047820688967235,
      27.0,
      1.2980674329247124
    ],
    "Israel_0": [
      0.965535352966432,
      155.25272439630092,
      3.0,
      1.2026013794881627,
      3.113923947937873,
      3.113923947937873,
      3.0,
      1.0379746493126243
    ],
    "Italy_0": [
      1.0287238714674578,
      35.60257752035663,
      181.0,
      0.6660446243482094,
      668.5634994121652,
      668.5634994121652,
      181.0,
      3.693720991227432
    ],
    "Japan_0": [
      0.949547805565687,
      54.07425114756253,
      32.0,
      1.0929469705052657,
      31.693159452369237,
      32.0,
      32.0,
      0.9904112328865387
    ],
    "Kuwait_0": [
      1.1346722905847708,
      86.30937885195499,
      3.0,
      2.9206432903093136,
      318583.287391188,
      318583.287391188,
      3.0,
      106194.42913039599
    ],
    "Latvia_0": [
      0.9943851053932374,
      27.682875691300392,
      3.0,
      2.8805818730497195,
      4.903812837667689,
      4.903812837667689,
      3.0,
      1.634604279222563
    ],
    "Lebanon_0": [
      0.9807783375075854,
      43.15976063868693,
      4.0,
      2.2287239008997695,
      6.041591219331413,
      6.041591219331413,
      4.0,
      1.5103978048328532
    ],
    "Lithuania_0": [
      1.3414388806113096,
      32.622002412063196,
      3.0,
      3.5092031227511438,
      182218.89867435797,
      182218.89867435797,
      3.0,
      60739.63289145266
    ],
    "Luxembourg_0": [
      0.950033201978897,
      236.23416357438623,
      7.0,
      0.9680426300280982,
      6.5590475097669545,
      7.0,
      7.0,
      0.937006787109565
    ],
    "Malaysia_0": [
      0.9704180137129544,
      41.35549467188111,
      70.0,
      0.949505587501806,
      84.39869889193784,
      84.39869889193784,
      70.0,
      1.2056956984562548
    ],
    "Malta_0": [
      0.9079211635387984,
      91.53947917298277,
      2.0,
      1.5529364306479836,
      2.0306334985338674,
      2.0306334985338674,
      2.0,
      1.0153167492669337
    ],
    "Mauritius_0": [
      0.9888781360233042,
      5121.512398744741,
      1.0,
      5.991390564251354e-08,
      1.0000000000000173,
      1.0000000000000173,
      1.0,
      1.0000000000000173
    ],
    "Mexico_0": [
      0.9805184986631167,
      78.15817084758379,
      14.0,
      1.178117628221068,
      16.66024298105488,
      16.66024298105488,
      14.0,
      1.1900173557896343
    ],