{
  "params": {
    "Argentina_0": [
      0.9814744072027304,
      5142.664282318878,
      1.0,
      4.728017097659654e-08,
      0.9999999999999813,
      1.0,
      1.0,
      0.9999999999999813
    ],
    "Australia_0": [
      0.9743891589670216,
      42.139729837896105,
      172.0,
      0.539608136795063,
      222.82111512138763,
      222.82111512138763,
      172.0,
      1.2954715995429513
    ],
    "Austria_0": [
      0.9620548873470952,
      55.866610670891895,
      21.0,
      1.072121096136261,
      22.64938897029055,
      22.64938897029055,
      21.0,
      1.0785423319185976
    ],
    "Bangladesh_0": [
      0.9240925246356216,
      1255.7595070946422,
      2.0,
      3.1029975273047294,
      1.100003017498075,
      2.0,
      2.0,
      0.5500015087490375
    ],
    "Belgium_0": [
      0.969782725072378,
      65.65295582476504,
      41.0,
      0.8561639229708313,
      44.427061847494585,
      44.427061847494585,
      41.0,
      1.0835868743291361
    ],
    "Brazil_0": [
      1.271857447292389,
      41.64088587547477,
      25.0,
      0.8772511802817059,
      2064503.862777416,
      2064503.862777416,
      25.0,
      82580.15451109664
    ],
    "Canada_0": [
      0.982044130682835,
      40.58476129891998,
      118.0,
      0.5868012078386603,
      168.5973111437315,
      168.5973111437315,
      118.0,
      1.4287907724045044
    ],
    "Chile_0": [
      1.2691145208888814,
      30.24081199407929,
      15.0,
      1.6771522075212761,
      47734.01774790287,
      47734.01774790287,
      15.0,
      3182.2678498601913
    ],
    "Colombia_0": [
      1.023360094514565,
      47.67749923918268,
      15.0,
      1.0212887889905637,
      60.48551194290234,
      60.48551194290234,
      15.0,
      4.032367462860156
    ],
    "Croatia_0": [
      0.9666598720900891,
      5111.18793448933,
      2.0,
      4.294663758369441e-08,
      2.0000000000001172,
      2.0000000000001172,
      2.0,
      1.0000000000000586
    ],
    "Czech Republic_0": [
      0.9286592876099928,
      44.08113721636938,
      12.0,
      3.0035316350331787,
      8.727650116404492,
      12.0,
      12.0,
      0.727304176367041
    ],
    "Denmark_0": [
      0.976746353582258,
      40.483671957472154,
      34.0,
      0.7342111746341625,
      46.750453396181534,
      46.750453396181534,
      34.0,
      1.37501333518181
    ],
    "Estonia_0": [
      0.9702317973382519,
      61.28555720278655,
      2.0,
      2.8005958102101856,
      2.383966294300499,
      2.383966294300499,
      2.0,
      1.1919831471502496
    ],
    "Fiji_0": [
      0.8925925084273456,
      5053.788392764482,
      1.0,
      3.290943928718004e-08,
      1.0000000000000078,
      1.0000000000000078,
      1.0,
      1.0000000000000078
    ],
    "Finland_0": [
      0.9670324311346643,
      44.69590306680196,
      43.0,
      0.6868083162302008,
      54.59960153673436,
      54.59960153673436,
      43.0,
      1.2697581752728921
    ],
    "France_0": [
      1.0024240797337536,
      41.06265791221748,
      57.0,
      0.8415736796004389,
      115.94270429544262,
      115.94270429544262,
      57.0,
      2.0340825314989934
    ],
    "Germany_0": [
      0.9795073445276883,
      43.601549711452435,
      144.0,
      0.8030400256401764,
      194.84039312589618,
      194.84039312589618,
      144.0,
      1.3530582855965012
    ],
    "Ghana_0": [
      0.9740688501860386,
      5013.182342512928,
      1.0,
      6.776066294419962e-08,
      1.0000000000000455,
      1.0000000000000455,
      1.0,
      1.0000000000000455
    ],
    "Greece_0": [
      0.990932984515374,
      43.4319888143274,
      30.0,
      1.2684833616396594,
      46.74689800470068,
      46.74689800470068,
      30.0,
      1.5582299334900227
    ],
    "Hungary_0": [
      0.9343463096565638,
      51.56661734686842,
      27.0,
      1.1621875303494817,
      23.979703173793798,
      27.0,
      27.0,
      0.8881371545849555
    ],
    "India_0": [
      0.9870042493726756,
      49.63349937055598,
      121.0,
      0.9694076269243419,
      175.999272947294,
      175.999272947294,
      121.0,
      1.454539445845405
    ],
    "Indonesia_0": [
      1.1461378210800957,
      57.50161695273489,
      6.0,
      1.9012441530725506,
      25832.93391512995,
      25832.93391512995,
      6.0,
      4305.488985854991
    ],
    "Iran_0": [
      0.9718093253273083,
      80.6338866705151,
      4.0,
      2.0690060640431325,
      3.985443967369263,
      4.0,
      4.0,
      0.9963609918423157
    ],
    "Ireland_0": [
      0.9790737974406077,
      36.19774552759379,
      24.0,
      1.0378109602906977,
      33.60685519982658,
      33.60685519982658,
      24.0,
      1.4002856333261076
    ],
    "Israel_0": [
      0.9817890617487709,
      140.1338019306181,
      3.0,
      1.4843425576948397,
      3.371736752223385,
      3.371736752223385,
      3.0,
      1.1239122507411283
    ],
    "Italy_0": [
      1.028195103633428,
      37.940997420050934,
      123.0,
      0.7968794510287894,
      464.5591816125333,
      464.5591816125333,
      123.0,
      3.776903915549051
    ],
    "Japan_0": [
      0.9563888110274515,
      68.84948211109155,
      28.0,
      1.0908489267638208,
      26.630398188503328,
      28.0,
      28.0,
      0.9510856495894046
    ],
    "Kuwait_0": [
      0.9888781360233042,
      5121.512398744741,
      1.0,
      5.991390564251354e-08,
      1.0000000000000173,
      1.0000000000000173,
      1.0,
      1.0000000000000173
    ],
    "Latvia_0": [
      0.9705627017476008,
      35.65183426512453,
      2.0,
      3.331631199948005,
      2.6752538976248585,
      2.6752538976248585,
      2.0,
      1.3376269488124293
    ],
    "Lebanon_0": [
      1.0472457817045664,
      34.459798661406246,
      4.0,
      2.951281384112951,
      21.42184112188497,
      21.42184112188497,
      4.0,
      5.355460280471243
    ],
    "Lithuania_0": [
      0.9518508170176551,
      5206.5853882932515,
      1.0,
      2.5978272167055425e-08,
      0.9999999999999852,
      1.0,
      1.0,
      0.9999999999999852
    ],
    "Luxembourg_0": [
      0.9641052449958505,
      273.540740948597,
      7.0,
      0.9498501342182203,
      6.254634175610702,
      7.0,
      7.0,
      0.893519167944386
    ],
    "Malaysia_0": [
      0.9724754782856251,
      49.55687410984787,
      54.0,
      0.8865916312892753,
      65.45753534076414,
      65.45753534076414,
      54.0,
      1.212176580384521
    ],
    "Malta_0": [
      0.9229061447424909,
      90.78826172911994,
      2.0,
      1.6854781977675088,
      2.0407578761502694,
      2.0407578761502694,
      2.0,
      1.0203789380751347
    ],
    "Mexico_0": [
      0.980595532104789,
      141.34436065745243,
      9.0,
      1.3100050374237535,
      9.241201850574301,
      9.241201850574301,
      9.0,
      1.0268002056193668
    ],
    "Nepal_0": [
      0.9740688501860386,
      5013.182342512928,
      1.0,
      6.776066294419962e-08,
      1.0000000000000455,
      1.0000000000000455,
      1.0,
      1.0000000000000455
    ],
    "Netherlands_0": [
      0.9803004842191657,
      45.00562428612348,
      70.0,
      0.9443552741598031,
      92.44792427202948,
      92.44792427202948,
      70.0,
      1.320684632457564
    ],
    "New Zealand_0": [
      1.4227029902148616,
      21.129314131942483,
      20.0,
      1.5756745313395903,
      144074.7496468382,
      144074.7496468382,
      20.0,
      7203.7374823419095
    ],
    "Nicaragua_0": [
      0.9814744072027304,
      5142.664282318878,
      1.0,
      4.728017097659654e-08,
      0.9999999999999813,
      1.0,
      1.0,
      0.9999999999999813
    ],
    "Nigeria_0": [
      0.9608124666877015,
      56.224127251015986,
      3.0,
      1.9467874700597596,
      3.5485769353958383,
      3.5485769353958383,
      3.0,
      1.1828589784652794
    ],