{
  "params": {
    "Albania_0": [
      0.9740688501860386,
      5013.182342512928,
      1.0,
      6.776066294419962e-08,
      1.0000000000000455,
      1.0000000000000455,
      1.0,
      1.0000000000000455
    ],
    "Algeria_0": [
      0.9760477016572486,
      590.9585369122065,
      3.0,
      1.8911144338337345,
      2.6781554534846927,
      3.0,
      3.0,
      0.8927184844948975
    ],
    "Argentina_0": [
      1.0010711742081537,
      72.62346832006074,
      4.0,
      1.515594086341688,
      8.358934251758427,
      8.358934251758427,
      4.0,
      2.0897335629396068
    ],
    "Australia_0": [
      0.9635922157190683,
      37.0575430806299,
      222.0,
      0.4947378672975652,
      274.0744559399651,
      274.0744559399651,
      222.0,
      1.234569621351194
    ],
    "Austria_0": [
      0.9630548671865312,
      38.26282896598249,
      30.0,
      1.3020134560431413,
      34.93308156112777,
      34.93308156112777,
      30.0,
      1.1644360520375925
    ],
    "Bangladesh_0": [
      1.4618121419057442,
      24.92145012281983,
      4.0,
      3.1127304073601167,
      350994.00591437175,
      350994.00591437175,
      4.0,
      87748.50147859294
    ],
    "Belgium_0": [
      0.9563784884884214,
      53.59526668976477,
      51.0,
      0.7196782464947524,
      54.714169806073265,
      54.714169806073265,
      51.0,
      1.072826858942613
    ],
    "Brazil_0": [
      0.9998012116639368,
      46.45391484007069,
      45.0,
      0.5546333401911662,
      89.87630756253708,
      89.87630756253708,
      45.0,
      1.9972512791674906
    ],
    "Canada_0": [
      0.9688618108686887,
      37.066527148975716,
      154.0,
      0.4583912843229475,
      199.42079023380714,
      199.42079023380714,
      154.0,
      1.294940196323423
    ],
    "Chile_0": [
      0.9852983891054938,
      38.56081293922968,
      19.0,
      1.1721318071947977,
      31.395930486007238,
      31.395930486007238,
      19.0,
      1.652417394000381
    ],
    "Colombia_0": [
      0.9704631148832733,
      64.6792628670562,
      20.0,
      0.7607498320111291,
      23.60182397371103,
      23.60182397371103,
      20.0,
      1.1800911986855516
    ],
    "Croatia_0": [
      0.9822859203810071,
      46.729205224519326,
      4.0,
      3.3953653890779845,
      5.542938238539488,
      5.542938238539488,
      4.0,
      1.385734559634872
    ],
    "Cyprus_0": [
      0.9759624147136879,
      985.3765843355307,
      3.0,
      2.1165513634544153,
      2.333597102875613,
      3.0,
      3.0,
      0.7778657009585377
    ],
    "Czech Republic_0": [
      0.9712051288968879,
      23.51741252295317,
      13.0,
      2.430780591462883,
      19.67123351289171,
      19.67123351289171,
      13.0,
      1.5131718086839778
    ],
    "Denmark_0": [
      0.9868474813732143,
      31.243123192803903,
      52.0,
      0.7106032417296105,
      83.277800625318,
      83.277800625318,
      52.0,
      1.6014961658715
    ],
    "Ecuador_0": [
      0.9814744072027304,
      5142.664282318878,
      1.0,
      4.728017097659654e-08,
      0.9999999999999813,
      1.0,
      1.0,
      0.9999999999999813
    ],
    "Estonia_0": [
      1.035083097188869,
      31.866778030312567,
      4.0,
      2.501826990927294,
      16.482654425291898,
      16.482654425291898,
      4.0,
      4.1206636063229745
    ],
    "Fiji_0": [
      1.6879620655005876,
      15.733175694866068,
      3.0,
      4.25756212803732,
      130961.74662852814,
      130961.74662852814,
      3.0,
      43653.91554284271
    ],
    "Finland_0": [
      0.9454173363719005,
      44.24060622555438,
      51.0,
      0.5157665091050646,
      55.21478922473651,
      55.21478922473651,
      51.0,
      1.0826429259752257
    ],
    "France_0": [
      0.9687655011151158,
      44.85967613637502,
      71.0,
      0.6256766352067454,
      88.17752897381546,
      88.17752897381546,
      71.0,
      1.2419370278002178
    ],
    "Germany_0": [
      0.9640179403120148,
      40.485330397144764,
      181.0,
      0.5825777237637491,
      222.56153739044248,
      222.56153739044248,
      181.0,
      1.2296217535383562
    ],
    "Ghana_0": [
      0.9518508170176551,
      5206.5853882932515,
      1.0,
      2.5978272167055425e-08,
      0.9999999999999852,
      1.0,
      1.0,
      0.9999999999999852
    ],
    "Greece_0": [
      0.9837919952492149,
      38.99401542498518,
      42.0,
      0.8848701720062797,
      65.90020134744167,
      65.90020134744167,
      42.0,
      1.5690524130343255
    ],
    "Hungary_0": [
      0.9217711697659372,
      41.341768798572566,
      28.0,
      1.1260304560422827,
      27.913938444822712,
      28.0,
      28.0,
      0.9969263730293826
    ],
    "Iceland_0": [
      0.9888781360233042,
      5121.512398744741,
      1.0,
      5.991390564251354e-08,
      1.0000000000000173,
      1.0000000000000173,
      1.0,
      1.0000000000000173
    ],
    "India_0": [
      0.9757550074443878,
      43.780773260908596,
      167.0,
      0.7492307699420296,
      225.57591162013733,
      225.57591162013733,
      167.0,
      1.3507539617972295
    ],
    "Indonesia_0": [
      0.9800604250845595,
      71.49783921246775,
      9.0,
      1.3324398037527896,
      11.542649164814321,
      11.542649164814321,
      9.0,
      1.282516573868258
    ],
    "Iran_0": [
      1.2271590657691138,
      43.514925509416294,
      12.0,
      2.033697471119952,
      244795.08748615123,
      244795.08748615123,
      12.0,
      20399.590623845936
    ],
    "Ireland_0": [
      0.9710413865488655,
      31.95966307978915,
      32.0,
      0.8556999244327552,
      42.33989776209956,
      42.33989776209956,
      32.0,
      1.3231218050656113
    ],
    "Israel_0": [
      0.9579481338526805,
      157.84701752151994,
      3.0,
      1.106195529384974,
      3.0821519950186964,
      3.0821519950186964,
      3.0,
      1.0273839983395654
    ],
    "Italy_0": [
      1.0000144436212193,
      38.92042771105567,
      195.0,
      0.6287116309341974,
      398.3140211477296,
      398.3140211477296,
      195.0,
      2.0426360058857926
    ],
    "Japan_0": [
      0.9450479200533104,
      50.40452581145025,
      33.0,
      1.0414936227371772,
      33.492393411197845,
      33.492393411197845,
      33.0,
      1.0149210124605408
    ],
    "Kenya_0": [
      0.9888781360233042,
      5121.512398744741,
      1.0,
      5.991390564251354e-08,
      1.0000000000000173,
      1.0000000000000173,
      1.0,
      1.0000000000000173
    ],
    "Kuwait_0": [
      1.0018995750366866,
      92.25935144759491,
      4.0,
      2.049625129183049,
      8.925332063893364,
      8.925332063893364,
      4.0,
      2.231333015973341
    ],
    "Latvia_0": [
      0.9944134932527771,
      26.812150513273806,
      3.0,
      2.558058152748586,
      5.507258701928636,
      5.507258701928636,
      3.0,
      1.8357529006428788
    ],
    "Lebanon_0": [
      0.965123078042991,
      47.43581390459437,
      4.0,
      2.073433991602821,
      5.066918782294475,
      5.066918782294475,
      4.0,
      1.2667296955736187
    ],
    "Lithuania_0": [
      1.280081556055897,
      30.459029365449346,
      3.0,
      2.955822090826939,
      15955.802016251955,
      15955.802016251955,
      3.0,
      5318.600672083985
    ],
    "Luxembourg_0": [
      0.9428328093287015,
      227.28428722240898,
      7.0,
      0.9359112407190717,
      6.638430079288823,
      7.0,
      7.0,
      0.9483471541841176
    ],
    "Madagascar_0": [
      0.9888781360233042,
      5121.512398744741,
      1.0,
      5.991390564251354e-08,
      1.0000000000000173,
      1.0000000000000173,
      1.0,
      1.0000000000000173
    ],