{
  "params": {
    "Albania_0": [
      0.9792816396227811,
      44.734564985442965,
      3.0,
      2.2056428264509926,
      4.2131432394935695,
      4.2131432394935695,
      3.0,
      1.4043810798311898
    ],
    "Algeria_0": [
      0.94954349637168,
      74.02673640722605,
      5.0,
      1.6496511862214782,
      5.1660853181703414,
      5.1660853181703414,
      5.0,
      1.0332170636340683
    ],
    "Argentina_0": [
      1.0289873167865051,
      37.65731513125983,
      13.0,
      0.9781554456112067,
      51.944395632548286,
      51.944395632548286,
      13.0,
      3.995722740965253
    ],
    "Australia_0": [
      0.9470034259062584,
      28.32261703369038,
      348.0,
      0.5336609547309578,
      409.8261798814447,
      409.8261798814447,
      348.0,
      1.177661436440933
    ],
    "Austria_0": [
      0.9786328317256932,
      25.018881633317637,
      55.0,
      0.9120652019417511,
      85.44206127914144,
      85.44206127914144,
      55.0,
      1.553492023257117
    ],
    "Bangladesh_0": [
      0.9958020894546327,
      28.051551893012387,
      7.0,
      1.6100477860511255,
      14.022942903448065,
      14.022942903448065,
      7.0,
      2.003277557635438
    ],
    "Belgium_0": [
      0.9350664723775948,
      35.26778634881764,
      79.0,
      0.9320192477519007,
      79.93291702322355,
      79.93291702322355,
      79.0,
      1.011809076243336
    ],
    "Bhutan_0": [
      0.9888781360233042,
      5121.512398744741,
      1.0,
      5.991390564251354e-08,
      1.0000000000000173,
      1.0000000000000173,
      1.0,
      1.0000000000000173
    ],
    "Brazil_0": [
      0.9948911742417607,
      34.92399540257103,
      115.0,
      0.5969453906936317,
      215.5765689264275,
      215.5765689264275,
      115.0,
      1.8745788602298046
    ],
    "Bulgaria_0": [
      0.9518508170176551,
      5206.5853882932515,
      1.0,
      2.5978272167055425e-08,
      0.9999999999999852,
      1.0,
      1.0,
      0.9999999999999852
    ],
    "Burkina Faso_0": [
      0.9888781360233042,
      5121.512398744741,
      1.0,
      5.991390564251354e-08,
      1.0000000000000173,
      1.0000000000000173,
      1.0,
      1.0000000000000173
    ],
    "Cameroon_0": [
      0.9888781360233042,
      5121.512398744741,
      1.0,
      5.991390564251354e-08,
      1.0000000000000173,
      1.0000000000000173,
      1.0,
      1.0000000000000173
    ],
    "Canada_0": [
      0.9662451107451955,
      26.30078958620265,
      268.0,
      0.6180314038890982,
      366.62241484204344,
      366.62241484204344,
      268.0,
      1.3679940852315053
    ],
    "Chile_0": [
      0.9541148172423337,
      35.01998592034444,
      33.0,
      0.6504087397891908,
      40.691496559551716,
      40.691496559551716,
      33.0,
      1.2330756533197489
    ],
    "Colombia_0": [
      0.9680188748783367,
      34.66423848584709,
      42.0,
      0.8119111670030966,
      54.64665637188784,
      54.64665637188784,
      42.0,
      1.3011108659973296
    ],
    "Costa Rica_0": [
      1.1936306457159658,
      55.14140028431524,
      4.0,
      2.232106449160702,
      165313.2342264273,
      165313.2342264273,
      4.0,
      41328.308556606826
    ],
    "Croatia_0": [
      0.9718513920115397,
      32.339409260581164,
      7.0,
      1.9133652957531528,
      9.826222257858497,
      9.826222257858497,
      7.0,
      1.4037460368369281
    ],
    "Cyprus_0": [
      0.9636019763784406,
      56.1758648868306,
      7.0,
      1.5489358753328883,
      7.29258180363824,
      7.29258180363824,
      7.0,
      1.0417974005197486
    ],
    "Czech Republic_0": [
      1.5971998234921774,
      20.11430613753148,
      42.0,
      1.407939428221879,
      6719414.053240673,
      6719414.053240673,
      42.0,
      159986.0488866827
    ],
    "Denmark_0": [
      0.9776510950628657,
      25.366689014272406,
      89.0,
      0.5943382421760042,
      139.30388354487238,
      139.30388354487238,
      89.0,
      1.5652121746614873
    ],
    "Ecuador_0": [
      0.9790781613561491,
      65.93180519456763,
      7.0,
      1.145175532567744,
      8.581190019765488,
      8.581190019765488,
      7.0,
      1.2258842885379269
    ],
    "Egypt_0": [
      0.9856292057974484,
      83.77122468791019,
      6.0,
      1.7514978320448218,
      7.389750365704793,
      7.389750365704793,
      6.0,
      1.2316250609507988
    ],
    "Estonia_0": [
      0.9710770846592831,
      35.66788165718068,
      8.0,
      1.22622469670874,
      11.309660116835682,
      11.309660116835682,
      8.0,
      1.4137075146044602
    ],
    "Ethiopia_0": [
      0.9814744072027304,
      5142.664282318878,
      1.0,
      4.728017097659654e-08,
      0.9999999999999813,
      1.0,
      1.0,
      0.9999999999999813
    ],
    "Fiji_0": [
      0.9965426836403665,
      17.200536031644283,
      4.0,
      2.882861909336935,
      7.240880667793545,
      7.240880667793545,
      4.0,
      1.8102201669483862
    ],
    "Finland_0": [
      0.9787785645809021,
      22.07991794952389,
      96.0,
      1.1733453720018658,
      152.69723939730937,
      152.69723939730937,
      96.0,
      1.5905962437219725
    ],
    "France_0": [
      0.9602150690211831,
      30.548601736879316,
      128.0,
      0.6594367359352238,
      160.8733202320744,
      160.8733202320744,
      128.0,
      1.2568228143130813
    ],
    "Germany_0": [
      0.9485498177670517,
      29.73229149493514,
      297.0,
      0.6290806138956323,
      345.76274612727116,
      345.76274612727116,
      297.0,
      1.1641843303948525
    ],
    "Ghana_0": [
      0.9092954023917291,
      985.4946358186161,
      2.0,
      3.6602542024298064,
      1.166699904578982,
      2.0,
      2.0,
      0.583349952289491
    ],
    "Greece_0": [
      0.9508593649114236,
      34.26103950122049,
      70.0,
      0.5929117451565628,
      79.64693244191051,
      79.64693244191051,
      70.0,
      1.1378133205987215
    ],
    "Hungary_0": [
      0.8886503931682315,
      33.558273345244025,
      33.0,
      0.9808017079745814,
      32.22073029185368,
      33.0,
      33.0,
      0.9763857664198085
    ],
    "Iceland_0": [
      1.2287610692580533,
      50.92606791152089,
      10.0,
      1.376804394925929,
      1099877.6504998168,
      1099877.6504998168,
      10.0,
      109987.76504998167
    ],
    "India_0": [
      0.9775449243406147,
      29.73153005231179,
      347.0,
      0.6523175692397816,
      511.71905675379037,
      511.71905675379037,
      347.0,
      1.474694688051269
    ],
    "Indonesia_0": [
      0.9771259109314685,
      43.187497613596605,
      25.0,
      1.0848767240985688,
      34.8703513705179,
      34.8703513705179,
      25.0,
      1.394814054820716
    ],
    "Iran_0": [
      0.9763825332673062,
      54.79223196367429,
      43.0,
      0.5990657745746326,
      55.08272343257785,
      55.08272343257785,
      43.0,
      1.2809935681994848
    ],
    "Iraq_0": [
      1.1983646371564833,
      50.828396364658595,
      3.0,
      2.5213282607906855,
      70124.81353156705,
      70124.81353156705,
      3.0,
      23374.937843855685
    ],
    "Ireland_0": [
      0.981756032523897,
      24.40091919161494,
      59.0,
      0.6720878306466841,
      98.15639817909316,
      98.15639817909316,
      59.0,
      1.6636677657473418
    ],
    "Israel_0": [
      0.9592694009426382,
      39.47189463380386,
      7.0,
      1.743959185722016,
      8.788947829503712,
      8.788947829503712,
      7.0,
      1.2555639756433874
    ],
    "Italy_0": [
      0.968251840444503,
      34.70982613440352,
      384.0,
      0.36041546750824777,
      501.8270469111387,
      501.8270469111387,
      384.0,
      1.306841267997757
    ],