{
  "params": {
    "Australia_0": [
      0.9827888637592548,
      45.48811294932341,
      135.0,
      0.5688500625449333,
      195.32617034097046,
      195.32617034097046,
      135.0,
      1.4468605210442256
    ],
    "Austria_0": [
      0.9771718867968125,
      56.08127371116091,
      18.0,
      1.2852899941458773,
      22.929004144058606,
      22.929004144058606,
      18.0,
      1.2738335635588114
    ],
    "Bangladesh_0": [
      0.9370346904143144,
      5075.688667432499,
      1.0,
      3.7828723744149376e-08,
      0.9999999999999809,
      1.0,
      1.0,
      0.9999999999999809
    ],
    "Belgium_0": [
      0.9804966303180384,
      73.54184424051198,
      33.0,
      0.9552675727116369,
      39.662329252896214,
      39.662329252896214,
      33.0,
      1.2018887652392791
    ],
    "Brazil_0": [
      1.2850174345074825,
      38.5114362882012,
      13.0,
      1.5269498122127863,
      747521.512278301,
      747521.512278301,
      13.0,
      57501.65479063854
    ],
    "Canada_0": [
      0.9870074080203793,
      44.945350059187376,
      88.0,
      0.5850269251915357,
      137.04903884883672,
      137.04903884883672,
      88.0,
      1.5573754414640535
    ],
    "Chile_0": [
      1.0096615943831897,
      39.45944049215444,
      9.0,
      1.5327779313837067,
      22.322106461667456,
      22.322106461667456,
      9.0,
      2.480234051296384
    ],
    "Colombia_0": [
      1.2353122978242677,
      46.60445421874249,
      9.0,
      1.709891012601295,
      511902.9103067692,
      511902.9103067692,
      9.0,
      56878.101145196575
    ],
    "Croatia_0": [
      0.9814744072027304,
      5142.664282318878,
      2.0,
      4.728017097659654e-08,
      1.9999999999999627,
      2.0,
      2.0,
      0.9999999999999813
    ],
    "Czech Republic_0": [
      0.9221453160509779,
      338.765392553162,
      8.0,
      1.7285920090753377,
      5.938097181035343,
      8.0,
      8.0,
      0.7422621476294179
    ],
    "Denmark_0": [
      1.0050222682033363,
      37.1928902693907,
      28.0,
      0.808077177138834,
      63.109595544171626,
      63.109595544171626,
      28.0,
      2.253914126577558
    ],
    "Estonia_0": [
      0.9787850227862973,
      68.57417633410113,
      2.0,
      3.815638180980969,
      2.002217822957273,
      2.002217822957273,
      2.0,
      1.0011089114786365
    ],
    "Fiji_0": [
      0.9074064184538132,
      5119.534147693464,
      1.0,
      2.7417149020636235e-08,
      0.9999999999999873,
      1.0,
      1.0,
      0.9999999999999873
    ],
    "Finland_0": [
      0.9919758255231914,
      40.368216777304944,
      39.0,
      0.787471106494202,
      67.5897350953885,
      67.5897350953885,
      39.0,
      1.7330701306509873
    ],
    "France_0": [
      1.0230230480825497,
      41.348813101555486,
      40.0,
      0.7675834259164246,
      143.92577955568996,
      143.92577955568996,
      40.0,
      3.598144488892249
    ],
    "Germany_0": [
      0.9787930266655741,
      52.87798709540814,
      108.0,
      0.881831192979692,
      137.30274873593066,
      137.30274873593066,
      108.0,
      1.2713217475549135
    ],
    "Ghana_0": [
      0.9888781360233042,
      5121.512398744741,
      1.0,
      5.991390564251354e-08,
      1.0000000000000173,
      1.0000000000000173,
      1.0,
      1.0000000000000173
    ],
    "Greece_0": [
      0.9725260962519151,
      76.8939413261643,
      19.0,
      0.8920139213582005,
      20.58097354226442,
      20.58097354226442,
      19.0,
      1.0832091338033905
    ],
    "Hungary_0": [
      0.9425438932622267,
      63.05688723826795,
      22.0,
      0.8338153997453553,
      21.13328860768031,
      22.0,
      22.0,
      0.9606040276218323
    ],
    "India_0": [
      0.9905677683358803,
      58.1142516446652,
      86.0,
      1.0278536299316774,
      132.32183140939202,
      132.32183140939202,
      86.0,
      1.5386259466208374
    ],
    "Indonesia_0": [
      0.9954249744461188,
      112.22612204535453,
      3.0,
      1.6484390640700495,
      4.773762863161608,
      4.773762863161608,
      3.0,
      1.591254287720536
    ],
    "Iran_0": [
      0.9720374457550858,
      270.96475952289546,
      3.0,
      2.0700830331764344,
      2.3768866026102096,
      3.0,
      3.0,
      0.7922955342034032
    ],
    "Ireland_0": [
      0.9930413170120541,
      36.93625312497492,
      19.0,
      1.1397977293130939,
      33.53828903817011,
      33.53828903817011,
      19.0,
      1.7651731072721113
    ],
    "Israel_0": [
      0.9959135419154956,
      132.28979311975144,
      2.0,
      2.5749782467669093,
      3.088999610364136,
      3.088999610364136,
      2.0,
      1.544499805182068
    ],
    "Italy_0": [
      1.0056979086171083,
      45.935679890476486,
      78.0,
      0.6969706248480532,
      174.94483770707592,
      174.94483770707592,
      78.0,
      2.2428825347061014
    ],
    "Japan_0": [
      0.9662037022243603,
      85.11747426936111,
      22.0,
      0.9848448471935379,
      23.227521512503305,
      23.227521512503305,
      22.0,
      1.0557964323865139
    ],
    "Latvia_0": [
      0.9389135971485727,
      1137.686259411757,
      2.0,
      3.2829009890151672,
      1.1250116230512341,
      2.0,
      2.0,
      0.5625058115256171
    ],
    "Lebanon_0": [
      0.9708609429056804,
      79.9273508953227,
      2.0,
      2.5576835314866853,
      2.266204165414115,
      2.266204165414115,
      2.0,
      1.1331020827070575
    ],
    "Lithuania_0": [
      0.9666598720900891,
      5111.18793448933,
      1.0,
      4.294663758369441e-08,
      1.0000000000000586,
      1.0000000000000586,
      1.0,
      1.0000000000000586
    ],
    "Luxembourg_0": [
      0.9781211595396896,
      333.72032570109326,
      6.0,
      0.7295751505570205,
      5.889310419644052,
      6.0,
      6.0,
      0.981551736607342
    ],
    "Malaysia_0": [
      0.9856046251500119,
      51.31640114525199,
      43.0,
      1.0707506919524592,
      63.41537605745579,
      63.41537605745579,
      43.0,
      1.4747761873826928
    ],
    "Malta_0": [
      0.9380430718187386,
      89.44225878881312,
      2.0,
      1.8653188437630226,
      2.0600076759735657,
      2.0600076759735657,
      2.0,
      1.0300038379867829
    ],
    "Mexico_0": [
      1.1121040002574432,
      99.25583038859475,
      7.0,
      1.0542283519172841,
      471638.875843646,
      471638.875843646,
      7.0,
      67376.982263378
    ],
    "Nepal_0": [
      0.9888781360233042,
      5121.512398744741,
      1.0,
      5.991390564251354e-08,
      1.0000000000000173,
      1.0000000000000173,
      1.0,
      1.0000000000000173
    ],
    "Netherlands_0": [
      0.9864613949704272,
      50.926494834567904,
      50.0,
      0.6739050042112219,
      76.84083766049844,
      76.84083766049844,
      50.0,
      1.5368167532099688
    ],
    "New Zealand_0": [
      0.9757921125973809,
      31.00656692517574,
      14.0,
      1.85453093019956,
      17.708075897850183,
      17.708075897850183,
      14.0,
      1.2648625641321558
    ],
    "Nigeria_0": [
      0.9912324831013763,
      46.26872208831053,
      3.0,
      2.266508476046328,
      5.187015415650032,
      5.187015415650032,
      3.0,
      1.7290051385500107
    ],
    "North Macedonia_0": [
      0.9518508170176551,
      5206.5853882932515,
      1.0,
      2.5978272167055425e-08,
      0.9999999999999852,
      1.0,
      1.0,
      0.9999999999999852
    ],
    "Norway_0": [
      0.9625336612887331,
      54.74317936651644,
      37.0,
      1.0793322906078364,
      39.95134726418756,
      39.95134726418756,
      37.0,
      1.0797661422753395
    ],
    "Pakistan_0": [
      1.1204947072893225,
      94.44195602340169,
      6.0,
      1.4732156778334666,
      522202.79217200854,
      522202.79217200854,
      6.0,
      87033.79869533476
    ],