{
  "params": {
    "Albania_0": [
      0.9702317973382519,
      61.28555720278655,
      2.0,
      2.8005958102101856,
      2.383966294300499,
      2.383966294300499,
      2.0,
      1.1919831471502496
    ],
    "Algeria_0": [
      0.9645493568713653,
      73.51193143528079,
      5.0,
      2.003555152107456,
      5.1898949087704445,
      5.1898949087704445,
      5.0,
      1.037978981754089
    ],
    "Argentina_0": [
      0.9902478799516865,
      49.2690815050965,
      8.0,
      1.2887696905697992,
      12.233056458895712,
      12.233056458895712,
      8.0,
      1.529132057361964
    ],
    "Australia_0": [
      0.9519958298952738,
      30.92329858797178,
      303.0,
      0.511237057816214,
      360.2974868776409,
      360.2974868776409,
      303.0,
      1.1891006167578908
    ],
    "Austria_0": [
      0.9701943429069375,
      28.4343428857643,
      44.0,
      1.0019723129250602,
      61.999000224839385,
      61.999000224839385,
      44.0,
      1.4090681869281678
    ],
    "Bangladesh_0": [
      1.0879131643614124,
      23.569435093393,
      6.0,
      1.947745321136599,
      56.226779262409046,
      56.226779262409046,
      6.0,
      9.371129877068174
    ],
    "Belgium_0": [
      0.9380277939868138,
      42.65718128056044,
      67.0,
      0.7527038197059376,
      67.15583555685862,
      67.15583555685862,
      67.0,
      1.0023259038337107
    ],
    "Brazil_0": [
      0.9951491974330186,
      37.70641549999358,
      88.0,
      0.5624357645913661,
      157.19935383443567,
      157.19935383443567,
      88.0,
      1.7863562935731325
    ],
    "Bulgaria_0": [
      0.9666598720900891,
      5111.18793448933,
      1.0,
      4.294663758369441e-08,
      1.0000000000000586,
      1.0000000000000586,
      1.0,
      1.0000000000000586
    ],
    "Canada_0": [
      0.9611219260777324,
      30.26441335259879,
      221.0,
      0.5289597773208266,
      279.8122973364918,
      279.8122973364918,
      221.0,
      1.2661189924728136
    ],
    "Chile_0": [
      0.9719401292031595,
      33.930587344509604,
      31.0,
      0.7538384709092705,
      42.637824061848725,
      42.637824061848725,
      31.0,
      1.3754136794144751
    ],
    "Colombia_0": [
      0.9643572423763952,
      42.25632610178063,
      33.0,
      0.7613637845248294,
      39.590098387220905,
      39.590098387220905,
      33.0,
      1.1996999511279063
    ],
    "Costa Rica_0": [
      0.9984110658581681,
      84.91408139730272,
      2.0,
      3.1942638781947696,
      3.5322396564871212,
      3.5322396564871212,
      2.0,
      1.7661198282435606
    ],
    "Croatia_0": [
      0.9653941468791504,
      38.8754859104365,
      6.0,
      2.3211877853785703,
      6.870691667628963,
      6.870691667628963,
      6.0,
      1.1451152779381604
    ],
    "Cyprus_0": [
      0.9658985312451843,
      78.04892546820099,
      5.0,
      1.6852660003824633,
      5.33605907878588,
      5.33605907878588,
      5.0,
      1.067211815757176
    ],
    "Czech Republic_0": [
      1.6221434443069305,
      18.788410880758317,
      30.0,
      1.8480726868092427,
      3428852.1686345753,
      3428852.1686345753,
      30.0,
      114295.07228781917
    ],
    "Denmark_0": [
      0.9739942661757933,
      28.05272658765569,
      75.0,
      0.5593179560834598,
      107.56017122527999,
      107.56017122527999,
      75.0,
      1.4341356163370664
    ],
    "Ecuador_0": [
      0.9837479225205394,
      82.37499663744637,
      5.0,
      1.6434874782581534,
      6.157171534380041,
      6.157171534380041,
      5.0,
      1.231434306876008
    ],
    "Egypt_0": [
      1.0018995750366866,
      92.25935144759491,
      4.0,
      2.049625129183049,
      8.925332063893364,
      8.925332063893364,
      4.0,
      2.231333015973341
    ],
    "Estonia_0": [
      0.9967409658374847,
      32.92578576539395,
      7.0,
      1.4983990382710812,
      13.716671889769033,
      13.716671889769033,
      7.0,
      1.9595245556812906
    ],
    "Fiji_0": [
      1.0233692771740894,
      16.89738445650458,
      3.0,
      3.21723893379873,
      8.334146551553498,
      8.334146551553498,
      3.0,
      2.7780488505178327
    ],
    "Finland_0": [
      0.9560865158484275,
      27.0974060784935,
      81.0,
      1.2102966028054079,
      96.87019562831516,
      96.87019562831516,
      81.0,
      1.1959283410903105
    ],
    "France_0": [
      0.9594065604867877,
      35.380683575537375,
      104.0,
      0.5919469309424564,
      127.30629134422009,
      127.30629134422009,
      104.0,
      1.2240989552328854
    ],
    "Germany_0": [
      0.9515087808980004,
      33.388413432874714,
      255.0,
      0.5789405603028714,
      293.74531679721844,
      293.74531679721844,
      255.0,
      1.1519424188126213
    ],
    "Ghana_0": [
      0.9222296675853648,
      5239.634725852605,
      1.0,
      1.8874185915657727e-08,
      0.9999999999999887,
      1.0,
      1.0,
      0.9999999999999887
    ],
    "Greece_0": [
      0.9564926101723988,
      38.22695746310435,
      58.0,
      0.5561305986837265,
      68.98592823988692,
      68.98592823988692,
      58.0,
      1.1894125558601192
    ],
    "Hungary_0": [
      0.9008925474771804,
      35.09384666145949,
      32.0,
      1.0379700329889572,
      31.275559472233553,
      32.0,
      32.0,
      0.9773612335072985
    ],
    "Iceland_0": [
      0.9786477839623197,
      111.0763242725791,
      4.0,
      1.3966529888990347,
      4.134798817045567,
      4.134798817045567,
      4.0,
      1.0336997042613918
    ],
    "India_0": [
      0.9717129136248943,
      34.55342214752177,
      270.0,
      0.6300503543082554,
      367.50456136439294,
      367.50456136439294,
      270.0,
      1.3611280050533072
    ],
    "Indonesia_0": [
      1.007108704968109,
      38.7881948570744,
      21.0,
      1.413112602916893,
      49.33639579285018,
      49.33639579285018,
      21.0,
      2.3493521806119135
    ],
    "Iran_0": [
      0.9861408047028528,
      58.90522907052299,
      33.0,
      0.8035333765693371,
      47.788157160368456,
      47.788157160368456,
      33.0,
      1.44812597455662
    ],
    "Iraq_0": [
      0.9740688501860386,
      5013.182342512928,
      1.0,
      6.776066294419962e-08,
      1.0000000000000455,
      1.0000000000000455,
      1.0,
      1.0000000000000455
    ],
    "Ireland_0": [
      1.0125522414911339,
      23.036522958135603,
      53.0,
      0.7846426739324153,
      122.7046462094156,
      122.7046462094156,
      53.0,
      2.3151820039512376
    ],
    "Israel_0": [
      0.9869532282714394,
      35.33759757633364,
      7.0,
      2.0843577585313873,
      11.099164636504206,
      11.099164636504206,
      7.0,
      1.5855949480720295
    ],
    "Italy_0": [
      0.9749826891204015,
      37.438634117470826,
      316.0,
      0.3722745628870075,
      436.2603980034318,
      436.2603980034318,
      316.0,
      1.3805708797576957
    ],
    "Japan_0": [
      0.9542485168441058,
      29.707632785889814,
      51.0,
      1.2128173364276336,
      60.13074555974369,
      60.13074555974369,
      51.0,
      1.179034226661641
    ],
    "Jordan_0": [
      0.9865884795279414,
      193.8084549134455,
      3.0,
      2.1614639012363255,
      3.4134446822021216,
      3.4134446822021216,
      3.0,
      1.1378148940673738
    ],
    "Kenya_0": [
      0.9726373929523049,
      165.6329973185005,
      4.0,
      1.8648948424623348,
      3.5997040405411074,
      4.0,
      4.0,
      0.8999260101352768
    ],
    "Kuwait_0": [
      0.9580356634895878,
      156.5802259952378,
      4.0,
      1.42831449832712,
      4.135080571024905,
      4.135080571024905,
      4.0,
      1.0337701427562263
    ],