{
  "params": {
    "Australia_0": [
      0.9826930667794689,
      76.4933069415917,
      42.0,
      0.8525281378943179,
      51.82975148062839,
      51.82975148062839,
      42.0,
      1.2340417019197236
    ],
    "Austria_0": [
      0.9827258637936976,
      297.9963588573593,
      6.0,
      0.7657104268038143,
      5.710198768376365,
      6.0,
      6.0,
      0.9516997947293941
    ],
    "Bangladesh_0": [
      0.9814744072027304,
      5142.664282318878,
      1.0,
      4.728017097659654e-08,
      0.9999999999999813,
      1.0,
      1.0,
      0.9999999999999813
    ],
    "Belgium_0": [
      0.9984448726827666,
      95.28820290776326,
      5.0,
      2.1320223412878403,
      9.106561310313023,
      9.106561310313023,
      5.0,
      1.8213122620626043
    ],
    "Brazil_0": [
      0.9641718800155281,
      116.39469316629155,
      2.0,
      2.016362174539082,
      2.0967678062837787,
      2.0967678062837787,
      2.0,
      1.0483839031418893
    ],
    "Canada_0": [
      0.9845884641074428,
      71.5293841990258,
      26.0,
      0.7463990525966206,
      33.61844287342366,
      33.61844287342366,
      26.0,
      1.2930170335932176
    ],
    "Chile_0": [
      0.9893424900946747,
      108.00504200462248,
      3.0,
      2.687763639043566,
      4.181522276417544,
      4.181522276417544,
      3.0,
      1.393840758805848
    ],
    "Colombia_0": [
      0.9959135419154956,
      132.28979311975144,
      2.0,
      2.5749782467669093,
      3.088999610364136,
      3.088999610364136,
      2.0,
      1.544499805182068
    ],
    "Czech Republic_0": [
      0.9655076583046815,
      543.6831111612978,
      6.0,
      1.3261764705360675,
      5.26891466318131,
      6.0,
      6.0,
      0.8781524438635517
    ],
    "Denmark_0": [
      0.9811383736905328,
      66.58222762023911,
      9.0,
      1.8328950598715186,
      10.803648957086464,
      10.803648957086464,
      9.0,
      1.2004054396762738
    ],
    "Fiji_0": [
      0.9518508170176551,
      5206.5853882932515,
      1.0,
      2.5978272167055425e-08,
      0.9999999999999852,
      1.0,
      1.0,
      0.9999999999999852
    ],
    "Finland_0": [
      1.0083035176858304,
      51.98430903879711,
      14.0,
      1.8408199800984988,
      34.58936000512029,
      34.58936000512029,
      14.0,
      2.4706685717943064
    ],
    "France_0": [
      0.9732310202018618,
      74.59313738175318,
      7.0,
      1.1893752087924563,
      7.808557000431784,
      7.808557000431784,
      7.0,
      1.1155081429188263
    ],
    "Germany_0": [
      1.0123566579032577,
      77.54261692162054,
      38.0,
      1.084960005929221,
      135.5025397079368,
      135.5025397079368,
      38.0,
      3.5658563081036
    ],
    "Greece_0": [
      1.2241304313072328,
      48.87516635040938,
      4.0,
      2.475299526291393,
      212566.24256727743,
      212566.24256727743,
      4.0,
      53141.56064181936
    ],
    "Hungary_0": [
      0.9735979564219172,
      106.39734544483359,
      14.0,
      0.8968557969581864,
      14.311989464252918,
      14.311989464252918,
      14.0,
      1.0222849617323513
    ],
    "India_0": [
      0.9923083379969756,
      109.26217592284382,
      17.0,
      1.3665330452095612,
      23.85547470073975,
      23.85547470073975,
      17.0,
      1.4032632176905737
    ],
    "Ireland_0": [
      0.9626553885747634,
      128.3968092326855,
      6.0,
      1.4517518142028392,
      5.355284548834265,
      6.0,
      6.0,
      0.8925474248057109
    ],
    "Italy_0": [
      1.0043498130609245,
      77.81271695831217,
      19.0,
      1.304753153950665,
      44.52435494510561,
      44.52435494510561,
      19.0,
      2.3433871023739794
    ],
    "Japan_0": [
      1.1730457545902473,
      69.43771550373827,
      7.0,
      2.2043773455044753,
      1097531.645837407,
      1097531.645837407,
      7.0,
      156790.2351196296
    ],
    "Latvia_0": [
      0.9814744072027304,
      5142.664282318878,
      1.0,
      4.728017097659654e-08,
      0.9999999999999813,
      1.0,
      1.0,
      0.9999999999999813
    ],
    "Malaysia_0": [
      0.9796182951447183,
      133.87095759313652,
      11.0,
      1.300936151490611,
      11.49456126475497,
      11.49456126475497,
      11.0,
      1.0449601149777246
    ],
    "Malta_0": [
      0.9935151660049129,
      68.52021775111562,
      2.0,
      3.5777935492144164,
      2.9297525439020173,
      2.9297525439020173,
      2.0,
      1.4648762719510087
    ],
    "Netherlands_0": [
      0.9891309251752415,
      75.2269352203938,
      13.0,
      1.3999303705478698,
      17.9215474629034,
      17.9215474629034,
      13.0,
      1.3785805740694925
    ],
    "New Zealand_0": [
      0.9640145057762437,
      82.26886867290685,
      6.0,
      1.4380810748775266,
      6.410741589860995,
      6.410741589860995,
      6.0,
      1.0684569316434993
    ],
    "Nigeria_0": [
      0.9814744072027304,
      5142.664282318878,
      1.0,
      4.728017097659654e-08,
      0.9999999999999813,
      1.0,
      1.0,
      0.9999999999999813
    ],
    "Norway_0": [
      0.9958237862386219,
      81.60959455625972,
      20.0,
      1.179401352654661,
      33.33747203441363,
      33.33747203441363,
      20.0,
      1.6668736017206813
    ],
    "Peoples R China_0": [
      1.0073612615278753,
      80.04226721070488,
      59.0,
      1.781680620005551,
      161.38752130260437,
      161.38752130260437,
      59.0,
      2.7353817169932944
    ],
    "Philippines_0": [
      0.9799202392157985,
      99.94378004631808,
      6.0,
      1.5855358873411214,
      6.207381416008488,
      6.207381416008488,
      6.0,
      1.034563569334748
    ],
    "Poland_0": [
      0.9935151660049129,
      68.52021775111562,
      2.0,
      3.5777935492144164,
      2.9297525439020173,
      2.9297525439020173,
      2.0,
      1.4648762719510087
    ],
    "Romania_0": [
      0.9825510140120038,
      137.88669569547218,
      9.0,
      1.0191773420006784,
      9.485899744237713,
      9.485899744237713,
      9.0,
      1.053988860470857
    ],
    "Serbia_0": [
      0.9666598720900891,
      5111.18793448933,
      1.0,
      4.294663758369441e-08,
      1.0000000000000586,
      1.0000000000000586,
      1.0,
      1.0000000000000586
    ],
    "Singapore_0": [
      1.0021615759753695,
      67.88453543516844,
      10.0,
      1.1870432748782649,
      21.481178744251622,
      21.481178744251622,
      10.0,
      2.148117874425162
    ],
    "Slovakia_0": [
      0.9959135419154956,
      132.28979311975144,
      2.0,
      2.5749782467669093,
      3.088999610364136,
      3.088999610364136,
      2.0,
      1.544499805182068
    ],
    "Slovenia_0": [
      0.9825030334004287,
      266.47180918202343,
      6.0,
      1.886083191029223,
      5.338876788403481,
      6.0,
      6.0,
      0.8898127980672469
    ],
    "South Africa_0": [
      1.145470332310447,
      85.34220869464842,
      11.0,
      2.1584559106526857,
      2563454.333948148,
      2563454.333948148,
      11.0,
      233041.3030861953
    ],
    "South Korea_0": [
      0.953718222169431,
      1352.3776815867204,
      3.0,
      1.9078670285394483,
      2.166670699832416,
      3.0,
      3.0,
      0.7222235666108053
    ],
    "Spain_0": [
      0.9951147882945117,
      109.2363463034864,
      28.0,
      1.0500200750261675,
      43.586188527139456,
      43.586188527139456,
      28.0,
      1.5566495902549806
    ],
    "Sweden_0": [
      0.9977751718374643,
      132.6194538971717,
      7.0,
      0.5707659364915155,
      12.179237014575381,
      12.179237014575381,
      7.0,
      1.7398910020821974
    ],
    "Switzerland_0": [
      0.9721741895777182,
      77.0528686195786,
      7.0,
      1.6361315668102094,
      7.015980252117391,
      7.015980252117391,
      7.0,
      1.0022828931596273
    ],