{
  "params": {
    "Australia_0": [
      0.9990928262373874,
      45.11729396068402,
      106.0,
      0.7881987407327546,
      203.63948739918848,
      203.63948739918848,
      106.0,
      1.9211272396149857
    ],
    "Austria_0": [
      0.9928652364680933,
      55.60482040615618,
      15.0,
      1.8430299119800158,
      23.54769852949973,
      23.54769852949973,
      15.0,
      1.5698465686333154
    ],
    "Bangladesh_0": [
      0.9518508170176551,
      5206.5853882932515,
      1.0,
      2.5978272167055425e-08,
      0.9999999999999852,
      1.0,
      1.0,
      0.9999999999999852
    ],
    "Belgium_0": [
      0.9998254960365384,
      70.94974070375497,
      25.0,
      1.1928538293997288,
      48.45373717437671,
      48.45373717437671,
      25.0,
      1.9381494869750684
    ],
    "Brazil_0": [
      1.2989366281995016,
      40.54971959009103,
      8.0,
      2.481671551969985,
      1388796.2538946948,
      1388796.2538946948,
      8.0,
      173599.53173683686
    ],
    "Canada_0": [
      1.0121777684164759,
      42.174109844692694,
      69.0,
      0.8073139847049807,
      180.064770718028,
      180.064770718028,
      69.0,
      2.60963435823229
    ],
    "Chile_0": [
      0.9788160074108436,
      56.985325036827106,
      6.0,
      2.0993988919305933,
      6.958784128699418,
      6.958784128699418,
      6.0,
      1.1597973547832363
    ],
    "Colombia_0": [
      1.246019837567,
      44.907662679677536,
      5.0,
      3.2617902185304906,
      276385.9948822252,
      276385.9948822252,
      5.0,
      55277.19897644503
    ],
    "Czech Republic_0": [
      0.9365233745686071,
      426.9866037024787,
      6.0,
      1.196328755411189,
      5.644750915252589,
      6.0,
      6.0,
      0.9407918192087649
    ],
    "Denmark_0": [
      1.005064927739562,
      39.339763393841075,
      20.0,
      0.9845658280084627,
      43.27848613803134,
      43.27848613803134,
      20.0,
      2.163924306901567
    ],
    "Estonia_0": [
      0.9740688501860386,
      5013.182342512928,
      1.0,
      6.776066294419962e-08,
      1.0000000000000455,
      1.0000000000000455,
      1.0,
      1.0000000000000455
    ],
    "Fiji_0": [
      0.9222296675853648,
      5239.634725852605,
      1.0,
      1.8874185915657727e-08,
      0.9999999999999887,
      1.0,
      1.0,
      0.9999999999999887
    ],
    "Finland_0": [
      0.9987923062692562,
      42.395250730074736,
      30.0,
      1.1081400805921056,
      55.56680339637097,
      55.56680339637097,
      30.0,
      1.8522267798790324
    ],
    "France_0": [
      1.3054718050673884,
      39.91685530737156,
      27.0,
      1.044351095931868,
      5190392.6730390135,
      5190392.6730390135,
      27.0,
      192236.76566811162
    ],
    "Germany_0": [
      0.9806135120223712,
      66.1488482585177,
      81.0,
      1.0036426457462455,
      97.47352889355295,
      97.47352889355295,
      81.0,
      1.2033768999204069
    ],
    "Greece_0": [
      0.9855913358226711,
      82.74302892435998,
      15.0,
      1.136861766997136,
      19.563081259251245,
      19.563081259251245,
      15.0,
      1.3042054172834163
    ],
    "Hungary_0": [
      0.9544002942598563,
      69.77112028031073,
      20.0,
      0.860851362792659,
      19.760382827082797,
      20.0,
      20.0,
      0.9880191413541398
    ],
    "India_0": [
      1.0361374556698273,
      51.66864436585931,
      62.0,
      1.1853900082151563,
      453.8346493621956,
      453.8346493621956,
      62.0,
      7.319913699390251
    ],
    "Indonesia_0": [
      0.9888781360233042,
      5121.512398744741,
      1.0,
      5.991390564251354e-08,
      1.0000000000000173,
      1.0000000000000173,
      1.0,
      1.0000000000000173
    ],
    "Iran_0": [
      0.9851851851852895,
      2493.6419397544155,
      2.0,
      9.275852562233144e-08,
      2.0000000002458997,
      2.0000000002458997,
      2.0,
      1.0000000001229499
    ],
    "Ireland_0": [
      1.0338694637673091,
      33.725845728763325,
      15.0,
      1.4962471402404391,
      62.22622592825134,
      62.22622592825134,
      15.0,
      4.148415061883423
    ],
    "Italy_0": [
      0.9930068801768946,
      58.68233714911007,
      48.0,
      0.8094041012329624,
      79.02476291889623,
      79.02476291889623,
      48.0,
      1.6463492274770049
    ],
    "Japan_0": [
      0.9768354372794381,
      102.79491440173527,
      18.0,
      1.1997772255665553,
      19.901978405231844,
      19.901978405231844,
      18.0,
      1.1056654669573247
    ],
    "Latvia_0": [
      0.9518508170176551,
      5206.5853882932515,
      1.0,
      2.5978272167055425e-08,
      0.9999999999999852,
      1.0,
      1.0,
      0.9999999999999852
    ],
    "Lebanon_0": [
      0.9935151660049129,
      68.52021775111562,
      2.0,
      3.5777935492144164,
      2.9297525439020173,
      2.9297525439020173,
      2.0,
      1.4648762719510087
    ],
    "Lithuania_0": [
      0.9814744072027304,
      5142.664282318878,
      1.0,
      4.728017097659654e-08,
      0.9999999999999813,
      1.0,
      1.0,
      0.9999999999999813
    ],
    "Luxembourg_0": [
      0.9924432689861618,
      2715.344979225681,
      5.0,
      2.768493710417764e-08,
      5.000000006132033,
      5.000000006132033,
      5.0,
      1.0000000012264065
    ],
    "Malaysia_0": [
      1.0317220255182835,
      43.70756726549811,
      34.0,
      1.440011716382165,
      167.3208979821381,
      167.3208979821381,
      34.0,
      4.921202881827591
    ],
    "Malta_0": [
      0.9536086162932199,
      86.64468445558146,
      2.0,
      2.126883588013376,
      2.105798816616824,
      2.105798816616824,
      2.0,
      1.052899408308412
    ],
    "Mexico_0": [
      0.992592592592585,
      2495.0914613880536,
      2.0,
      1.0770123770912494e-07,
      1.9999999999821527,
      2.0,
      2.0,
      0.9999999999910764
    ],
    "Netherlands_0": [
      1.01630009087534,
      45.41353726059032,
      39.0,
      0.8980833378556977,
      116.86903279605859,
      116.86903279605859,
      39.0,
      2.996641866565605
    ],
    "New Zealand_0": [
      0.9494178385004998,
      52.25549407576926,
      9.0,
      1.4138554625203756,
      9.072090847121263,
      9.072090847121263,
      9.0,
      1.0080100941245849
    ],
    "Nigeria_0": [
      0.982580582188816,
      56.65546131819856,
      2.0,
      3.1823040989840305,
      2.71033127219273,
      2.71033127219273,
      2.0,
      1.355165636096365
    ],
    "North Macedonia_0": [
      0.9666598720900891,
      5111.18793448933,
      1.0,
      4.294663758369441e-08,
      1.0000000000000586,
      1.0000000000000586,
      1.0,
      1.0000000000000586
    ],
    "Norway_0": [
      0.968720997527453,
      66.71414420757874,
      32.0,
      1.2738082703383486,
      32.57325343729467,
      32.57325343729467,
      32.0,
      1.0179141699154584
    ],
    "Pakistan_0": [
      0.9814744072027304,
      5142.664282318878,
      1.0,
      4.728017097659654e-08,
      0.9999999999999813,
      1.0,
      1.0,
      0.9999999999999813
    ],
    "Peoples R China_0": [
      0.9876152704961099,
      63.19462250362225,
      145.0,
      0.9053012723174189,
      204.8437038529962,
      204.8437038529962,
      145.0,
      1.4127151989861808
    ],
    "Philippines_0": [
      0.9664047351734012,
      63.98164973666599,
      10.0,
      1.102865721439061,
      10.40825281386659,
      10.40825281386659,
      10.0,
      1.040825281386659
    ],
    "Poland_0": [
      1.1806271709465033,
      62.292487762338986,
      12.0,
      1.866443739955601,
      891508.7992951383,
      891508.7992951383,
      12.0,
      74292.39994126152
    ],