{
  "params": {
    "Albania_0": [
      0.982580582188816,
      56.65546131819856,
      2.0,
      3.1823040989840305,
      2.71033127219273,
      2.71033127219273,
      2.0,
      1.355165636096365
    ],
    "Algeria_0": [
      0.9680729623734614,
      84.06772991723916,
      5.0,
      2.2696769902003457,
      4.672084941765874,
      5.0,
      5.0,
      0.9344169883531749
    ],
    "Argentina_0": [
      0.9757813764692788,
      68.9684203725729,
      6.0,
      1.1648935090408614,
      6.816910044730534,
      6.816910044730534,
      6.0,
      1.1361516741217557
    ],
    "Australia_0": [
      0.9550314532706066,
      32.23228083458963,
      285.0,
      0.5113366029765126,
      338.8298629798757,
      338.8298629798757,
      285.0,
      1.1888767122100903
    ],
    "Austria_0": [
      0.9740601361439369,
      29.081433316952403,
      42.0,
      1.104598259886598,
      58.90544903327977,
      58.90544903327977,
      42.0,
      1.402510691268566
    ],
    "Bangladesh_0": [
      1.4608392507439356,
      23.43927886539601,
      6.0,
      2.1740042725885944,
      275756.0421757905,
      275756.0421757905,
      6.0,
      45959.34036263175
    ],
    "Belgium_0": [
      0.9415839336083537,
      45.9391230841087,
      62.0,
      0.6924138169526182,
      63.00255388558456,
      63.00255388558456,
      62.0,
      1.0161702239610413
    ],
    "Brazil_0": [
      0.9882544360001297,
      42.07714013897352,
      74.0,
      0.5452679453410954,
      115.48548250761617,
      115.48548250761617,
      74.0,
      1.5606146284812996
    ],
    "Bulgaria_0": [
      0.9740688501860386,
      5013.182342512928,
      1.0,
      6.776066294419962e-08,
      1.0000000000000455,
      1.0000000000000455,
      1.0,
      1.0000000000000455
    ],
    "Canada_0": [
      0.9623733714514632,
      31.876813007187653,
      206.0,
      0.5216201807368351,
      255.96850207026253,
      255.96850207026253,
      206.0,
      1.2425655440304006
    ],
    "Chile_0": [
      0.9774561467536448,
      34.46637976782096,
      29.0,
      0.8444535320650269,
      41.2946591737209,
      41.2946591737209,
      29.0,
      1.4239537646110656
    ],
    "Colombia_0": [
      0.9686564495596963,
      44.05086402251507,
      31.0,
      0.8404185190236855,
      37.314998292536586,
      37.314998292536586,
      31.0,
      1.2037096223398898
    ],
    "Costa Rica_0": [
      0.9814744072027304,
      5142.664282318878,
      1.0,
      4.728017097659654e-08,
      0.9999999999999813,
      1.0,
      1.0,
      0.9999999999999813
    ],
    "Croatia_0": [
      0.9586192143416137,
      46.737575499640556,
      5.0,
      2.4883370052102776,
      5.309800940282091,
      5.309800940282091,
      5.0,
      1.0619601880564182
    ],
    "Cyprus_0": [
      0.9731277159295542,
      78.46739571211097,
      5.0,
      1.931535008690461,
      5.307685908683736,
      5.307685908683736,
      5.0,
      1.0615371817367472
    ],
    "Czech Republic_0": [
      1.6426304200980464,
      18.144305896875156,
      28.0,
      2.1095730477405916,
      2815036.2622411936,
      2815036.2622411936,
      28.0,
      100537.00936575691
    ],
    "Denmark_0": [
      0.9726682703262017,
      29.693845938807744,
      67.0,
      0.5535434530747193,
      94.69875122909201,
      94.69875122909201,
      67.0,
      1.4134141974491345
    ],
    "Ecuador_0": [
      0.9850892424854374,
      98.03999509886285,
      4.0,
      2.0460518510165224,
      4.849656328074697,
      4.849656328074697,
      4.0,
      1.2124140820186742
    ],
    "Egypt_0": [
      1.1346722905847708,
      86.30937885195499,
      3.0,
      2.9206432903093136,
      318583.287391188,
      318583.287391188,
      3.0,
      106194.42913039599
    ],
    "Estonia_0": [
      1.0287887266386813,
      30.0028969290331,
      7.0,
      1.6720552695370796,
      22.493394762612795,
      22.493394762612795,
      7.0,
      3.213342108944685
    ],
    "Fiji_0": [
      1.1217346355276516,
      15.369743911829087,
      3.0,
      3.3410170789280484,
      25.001488459830952,
      25.001488459830952,
      3.0,
      8.333829486610318
    ],
    "Finland_0": [
      0.9465742854022546,
      31.47019024111616,
      76.0,
      1.1499324845347763,
      78.0181613572506,
      78.0181613572506,
      76.0,
      1.026554754700666
    ],
    "France_0": [
      0.9649991581842958,
      36.06393668220532,
      100.0,
      0.6487519888537846,
      123.62576482714607,
      123.62576482714607,
      100.0,
      1.2362576482714607
    ],
    "Germany_0": [
      0.9540551624528375,
      35.19439791320958,
      236.0,
      0.564434879971509,
      273.2323114242856,
      273.2323114242856,
      236.0,
      1.1577640314588373
    ],
    "Ghana_0": [
      0.9296164931386349,
      5002.468966124272,
      1.0,
      4.770964819995565e-08,
      0.999999999999977,
      1.0,
      1.0,
      0.999999999999977
    ],
    "Greece_0": [
      0.9638871755008833,
      38.23272686626517,
      55.0,
      0.6131608639749314,
      68.97083150721718,
      68.97083150721718,
      55.0,
      1.2540151183130397
    ],
    "Hungary_0": [
      0.9063940659173879,
      36.293724785224114,
      32.0,
      1.0626297451029876,
      30.559148005315645,
      32.0,
      32.0,
      0.9549733751661139
    ],
    "Iceland_0": [
      0.9817890617487709,
      140.1338019306181,
      3.0,
      1.4843425576948397,
      3.371736752223385,
      3.371736752223385,
      3.0,
      1.1239122507411283
    ],
    "India_0": [
      0.9764404700717499,
      35.33664670823101,
      253.0,
      0.7019995796507758,
      350.9785992801058,
      350.9785992801058,
      253.0,
      1.3872671908304577
    ],
    "Indonesia_0": [
      1.0388474148811941,
      35.7651834232896,
      20.0,
      1.6871926041188916,
      92.57613026224112,
      92.57613026224112,
      20.0,
      4.628806513112056
    ],
    "Iran_0": [
      0.9955222684753454,
      57.38702798753668,
      28.0,
      0.9890537776281362,
      50.72000504584526,
      50.72000504584526,
      28.0,
      1.8114287516373309
    ],
    "Iraq_0": [
      0.9814744072027304,
      5142.664282318878,
      1.0,
      4.728017097659654e-08,
      0.9999999999999813,
      1.0,
      1.0,
      0.9999999999999813
    ],
    "Ireland_0": [
      1.0134309163694666,
      23.478682018319383,
      49.0,
      0.8809766856565857,
      111.51274672091485,
      111.51274672091485,
      49.0,
      2.27577034124316
    ],
    "Israel_0": [
      0.9816550583083297,
      38.77903461818875,
      6.0,
      2.394397321617714,
      8.70093062505115,
      8.70093062505115,
      6.0,
      1.4501551041751917
    ],
    "Italy_0": [
      0.9802766800331841,
      38.16668917391418,
      288.0,
      0.41556557910610037,
      419.295106654526,
      419.295106654526,
      288.0,
      1.455885786994882
    ],
    "Japan_0": [
      0.9507494318983878,
      32.88668195082402,
      47.0,
      1.2408473488725114,
      51.83055820274268,
      51.83055820274268,
      47.0,
      1.102777834100908
    ],
    "Jordan_0": [
      1.0927291732033801,
      116.74303337006317,
      3.0,
      2.0984080183998786,
      148862.13479685038,
      148862.13479685038,
      3.0,
      49620.711598950125
    ],
    "Kenya_0": [
      0.9783395725164283,
      211.97388925502406,
      3.0,
      1.8680881158388891,
      3.1825050368131276,
      3.1825050368131276,
      3.0,
      1.0608350122710426
    ],
    "Kuwait_0": [
      0.965630935167867,
      152.21795542943337,
      4.0,
      1.5521083787571242,
      4.189051501620239,
      4.189051501620239,
      4.0,
      1.0472628754050597
    ],