{
  "params": {
    "Albania_0": [
      0.9787850227862973,
      68.57417633410113,
      2.0,
      3.815638180980969,
      2.002217822957273,
      2.002217822957273,
      2.0,
      1.0011089114786365
    ],
    "Algeria_0": [
      0.9657408665235875,
      161.73639410355864,
      4.0,
      2.0241110450532704,
      3.3966576593307476,
      4.0,
      4.0,
      0.8491644148326869
    ],
    "Argentina_0": [
      0.9766609884951564,
      82.67531641792591,
      5.0,
      1.2445778223893238,
      5.55803974745102,
      5.55803974745102,
      5.0,
      1.111607949490204
    ],
    "Australia_0": [
      0.956996121756958,
      34.02399425520246,
      259.0,
      0.4819328879372927,
      312.6733874452369,
      312.6733874452369,
      259.0,
      1.207233156159216
    ],
    "Austria_0": [
      0.968876767810848,
      31.743938250294146,
      36.0,
      1.1630759364850065,
      48.7740386703725,
      48.7740386703725,
      36.0,
      1.3548344075103471
    ],
    "Bangladesh_0": [
      1.0821120102633024,
      23.372500850124045,
      4.0,
      2.5316293002654335,
      34.4916467957879,
      34.4916467957879,
      4.0,
      8.622911698946975
    ],
    "Belgium_0": [
      0.9461544405727164,
      48.68638822595606,
      57.0,
      0.67486935034284,
      59.9014481267642,
      59.9014481267642,
      57.0,
      1.0509025987151615
    ],
    "Brazil_0": [
      0.9834429300982855,
      47.631380596071956,
      59.0,
      0.45564359526569675,
      87.38130240748583,
      87.38130240748583,
      59.0,
      1.481039023855692
    ],
    "Bulgaria_0": [
      0.9814744072027304,
      5142.664282318878,
      1.0,
      4.728017097659654e-08,
      0.9999999999999813,
      1.0,
      1.0,
      0.9999999999999813
    ],
    "Canada_0": [
      0.9615913120212426,
      34.39549059088416,
      182.0,
      0.4298983457453815,
      225.943948990033,
      225.943948990033,
      182.0,
      1.2414502691760054
    ],
    "Chile_0": [
      0.9780998969430924,
      36.46206191882987,
      25.0,
      0.9285117965837647,
      36.61240146304152,
      36.61240146304152,
      25.0,
      1.4644960585216609
    ],
    "Colombia_0": [
      0.96872515466301,
      49.151979251489976,
      28.0,
      0.8661813499290619,
      32.13875375491369,
      32.13875375491369,
      28.0,
      1.1478126341040602
    ],
    "Costa Rica_0": [
      0.9888781360233042,
      5121.512398744741,
      1.0,
      5.991390564251354e-08,
      1.0000000000000173,
      1.0000000000000173,
      1.0,
      1.0000000000000173
    ],
    "Croatia_0": [
      0.959161516268304,
      52.25700731008982,
      4.0,
      2.7355439797887287,
      4.62950621876982,
      4.62950621876982,
      4.0,
      1.157376554692455
    ],
    "Cyprus_0": [
      0.9750310194312412,
      93.10428022846156,
      4.0,
      2.2080273559728605,
      4.429788104715674,
      4.429788104715674,
      4.0,
      1.1074470261789184
    ],
    "Czech Republic_0": [
      1.1215751413579482,
      17.14810921783459,
      20.0,
      2.097237689145909,
      172.88533803462832,
      172.88533803462832,
      20.0,
      8.644266901731417
    ],
    "Denmark_0": [
      0.9746666520035684,
      30.82018221428342,
      59.0,
      0.588681820721978,
      87.2071080133549,
      87.2071080133549,
      59.0,
      1.4780865764975406
    ],
    "Ecuador_0": [
      0.9893424900946747,
      108.00504200462248,
      3.0,
      2.687763639043566,
      4.181522276417544,
      4.181522276417544,
      3.0,
      1.393840758805848
    ],
    "Egypt_0": [
      0.9814744072027304,
      5142.664282318878,
      1.0,
      4.728017097659654e-08,
      0.9999999999999813,
      1.0,
      1.0,
      0.9999999999999813
    ],
    "Estonia_0": [
      0.9948677280577745,
      35.43735307002359,
      5.0,
      1.888262093741976,
      9.647143448303932,
      9.647143448303932,
      5.0,
      1.9294286896607866
    ],
    "Fiji_0": [
      1.6476155579778642,
      15.288821095019324,
      3.0,
      3.5143166415531706,
      63947.746393437206,
      63947.746393437206,
      3.0,
      21315.91546447907
    ],
    "Finland_0": [
      0.9380408461544141,
      38.85103520771236,
      60.0,
      0.650280876838649,
      62.359084688899145,
      62.359084688899145,
      60.0,
      1.0393180781483191
    ],
    "France_0": [
      0.9656505807424656,
      38.833698369774176,
      88.0,
      0.643944923311725,
      110.18996862236781,
      110.18996862236781,
      88.0,
      1.2521587343450888
    ],
    "Germany_0": [
      0.9571687200535896,
      36.94636256295615,
      215.0,
      0.5622553053650735,
      255.38642597053337,
      255.38642597053337,
      215.0,
      1.187843841723411
    ],
    "Ghana_0": [
      0.9370346904143144,
      5075.688667432499,
      1.0,
      3.7828723744149376e-08,
      0.9999999999999809,
      1.0,
      1.0,
      0.9999999999999809
    ],
    "Greece_0": [
      0.9716279250604947,
      38.099339348227986,
      52.0,
      0.6834401412152222,
      69.38150131000485,
      69.38150131000485,
      52.0,
      1.3342596405770164
    ],
    "Hungary_0": [
      0.9108390844244854,
      38.32604212106937,
      30.0,
      1.0547050138471383,
      29.429290846152757,
      30.0,
      30.0,
      0.9809763615384253
    ],
    "Iceland_0": [
      0.9954249744461188,
      112.22612204535453,
      3.0,
      1.6484390640700495,
      4.773762863161608,
      4.773762863161608,
      3.0,
      1.591254287720536
    ],
    "India_0": [
      0.9750901931757475,
      38.15638548130485,
      216.0,
      0.7195210095239661,
      299.67717055452505,
      299.67717055452505,
      216.0,
      1.387394308122801
    ],
    "Indonesia_0": [
      0.9724363749347661,
      62.55334875487043,
      12.0,
      1.0788796568883947,
      14.39899350133026,
      14.39899350133026,
      12.0,
      1.199916125110855
    ],
    "Iran_0": [
      1.036612362082525,
      47.70782096570477,
      24.0,
      1.1398594082678088,
      164.26575873060148,
      164.26575873060148,
      24.0,
      6.844406613775062
    ],
    "Iraq_0": [
      0.9888781360233042,
      5121.512398744741,
      1.0,
      5.991390564251354e-08,
      1.0000000000000173,
      1.0000000000000173,
      1.0,
      1.0000000000000173
    ],
    "Ireland_0": [
      0.9936773332250607,
      25.85771248065055,
      41.0,
      0.9062367081689193,
      74.73551377321533,
      74.73551377321533,
      41.0,
      1.8228174091028129
    ],
    "Israel_0": [
      0.9727559823250177,
      45.98447684687235,
      6.0,
      2.7469863369427903,
      6.324216751929114,
      6.324216751929114,
      6.0,
      1.0540361253215191
    ],
    "Italy_0": [
      0.984532208530724,
      39.220280682241054,
      253.0,
      0.4647885512752434,
      393.8923148753692,
      393.8923148753692,
      253.0,
      1.5568866200607479
    ],
    "Japan_0": [
      0.9468134280454424,
      37.62632479117471,
      42.0,
      1.2098036104287162,
      43.98310183199806,
      43.98310183199806,
      42.0,
      1.0472167102856682
    ],
    "Jordan_0": [
      0.9888781360233042,
      5121.512398744741,
      1.0,
      5.991390564251354e-08,
      1.0000000000000173,
      1.0000000000000173,
      1.0,
      1.0000000000000173
    ],
    "Kenya_0": [
      0.9865884795279414,
      193.8084549134455,
      3.0,
      2.1614639012363255,
      3.4134446822021216,
      3.4134446822021216,
      3.0,
      1.1378148940673738
    ],
    "Kuwait_0": [
      0.9734778315377078,
      144.25357988120743,
      4.0,
      1.7102450808582674,
      4.307471784520043,
      4.307471784520043,
      4.0,
      1.0768679461300108
    ],
    "Latvia_0": [
      0.9597451373612051,
      29.97342424474592,
      3.0,
      2.192397578810586,
      4.104783200996965,
      4.104783200996965,
      3.0,
      1.3682610669989883
    ],