{
  "params": {
    "Albania_0": [
      0.9666598720900891,
      5111.18793448933,
      1.0,
      4.294663758369441e-08,
      1.0000000000000586,
      1.0000000000000586,
      1.0,
      1.0000000000000586
    ],
    "Algeria_0": [
      0.9687085217575913,
      491.17913035901176,
      3.0,
      1.724710647804394,
      2.7716291491088025,
      3.0,
      3.0,
      0.9238763830362675
    ],
    "Argentina_0": [
      0.980863123874394,
      91.63193574346286,
      4.0,
      1.4618688254916958,
      4.938699821495706,
      4.938699821495706,
      4.0,
      1.2346749553739265
    ],
    "Australia_0": [
      0.9614294474707236,
      35.07348087863909,
      245.0,
      0.5080790363419627,
      298.570888666009,
      298.570888666009,
      245.0,
      1.21865668843269
    ],
    "Austria_0": [
      0.9729360443938744,
      32.56647874262404,
      35.0,
      1.2912858758301782,
      46.29050038293228,
      46.29050038293228,
      35.0,
      1.3225857252266366
    ],
    "Bangladesh_0": [
      1.4497565804846406,
      24.126057722786843,
      4.0,
      2.6668263866148396,
      211949.8572908313,
      211949.8572908313,
      4.0,
      52987.46432270783
    ],
    "Belgium_0": [
      0.9522757299301247,
      49.996386775415374,
      56.0,
      0.7238410849179998,
      58.465907615793746,
      58.465907615793746,
      56.0,
      1.0440340645677455
    ],
    "Brazil_0": [
      0.9989111302921314,
      44.214909729317924,
      55.0,
      0.46724490653481326,
      106.54843436909557,
      106.54843436909557,
      55.0,
      1.9372442612562832
    ],
    "Bulgaria_0": [
      0.9888781360233042,
      5121.512398744741,
      1.0,
      5.991390564251354e-08,
      1.0000000000000173,
      1.0000000000000173,
      1.0,
      1.0000000000000173
    ],
    "Canada_0": [
      0.9655868829149016,
      35.573531304338665,
      169.0,
      0.4464503790067102,
      213.87353958485815,
      213.87353958485815,
      169.0,
      1.265523902868983
    ],
    "Chile_0": [
      0.9885795122589381,
      35.60945855623222,
      24.0,
      1.0495575425885622,
      38.78868723817577,
      38.78868723817577,
      24.0,
      1.6161953015906572
    ],
    "Colombia_0": [
      0.9675889042100563,
      57.99598680348905,
      24.0,
      0.7700577713843697,
      26.51326580573992,
      26.51326580573992,
      24.0,
      1.1047194085724967
    ],
    "Croatia_0": [
      0.9702475708063476,
      49.38652008262901,
      4.0,
      3.0028869879503732,
      5.004258806244704,
      5.004258806244704,
      4.0,
      1.251064701561176
    ],
    "Cyprus_0": [
      0.9838250961360328,
      89.31709492665247,
      4.0,
      2.6348502269622354,
      4.658504962279765,
      4.658504962279765,
      4.0,
      1.1646262405699412
    ],
    "Czech Republic_0": [
      1.034224359484637,
      19.012200790962982,
      18.0,
      2.331582745213328,
      47.08546122671398,
      47.08546122671398,
      18.0,
      2.6158589570396655
    ],
    "Denmark_0": [
      0.9862297230463917,
      30.02411498843551,
      57.0,
      0.6424010809634271,
      93.16884550450447,
      93.16884550450447,
      57.0,
      1.634541149201833
    ],
    "Ecuador_0": [
      1.1346722905847708,
      86.30937885195499,
      3.0,
      2.9206432903093136,
      318583.287391188,
      318583.287391188,
      3.0,
      106194.42913039599
    ],
    "Egypt_0": [
      0.9888781360233042,
      5121.512398744741,
      1.0,
      5.991390564251354e-08,
      1.0000000000000173,
      1.0000000000000173,
      1.0,
      1.0000000000000173
    ],
    "Estonia_0": [
      1.0439956429833337,
      30.82075576249045,
      5.0,
      2.0640102680129857,
      24.22130861756125,
      24.22130861756125,
      5.0,
      4.84426172351225
    ],
    "Fiji_0": [
      1.6785506736375777,
      15.87932265878263,
      3.0,
      3.813334192030606,
      141386.2607214799,
      141386.2607214799,
      3.0,
      47128.75357382663
    ],
    "Finland_0": [
      0.9422706304878482,
      40.987649556897956,
      58.0,
      0.6332717727491842,
      59.330477906122866,
      59.330477906122866,
      58.0,
      1.0229392742434977
    ],
    "France_0": [
      0.9713305512947529,
      39.60008551737349,
      85.0,
      0.718121215513073,
      106.81091014695772,
      106.81091014695772,
      85.0,
      1.256598942905385
    ],
    "Germany_0": [
      0.9625918437120683,
      37.78388952385721,
      207.0,
      0.6106966747108119,
      247.12869841626735,
      247.12869841626735,
      207.0,
      1.1938584464553978
    ],
    "Ghana_0": [
      0.9444420566256868,
      5132.955637332785,
      1.0,
      3.221310461719837e-08,
      0.9999999999999925,
      1.0,
      1.0,
      0.9999999999999925
    ],
    "Greece_0": [
      0.9782330590520265,
      38.38625024673556,
      48.0,
      0.7729930380939726,
      68.348346923647,
      68.348346923647,
      48.0,
      1.4239238942426458
    ],
    "Hungary_0": [
      0.9162874914723237,
      39.79643093501541,
      29.0,
      1.0854470999695498,
      28.6707303432884,
      29.0,
      29.0,
      0.9886458739064966
    ],
    "Iceland_0": [
      0.9959135419154956,
      132.28979311975144,
      2.0,
      2.5749782467669093,
      3.088999610364136,
      3.088999610364136,
      2.0,
      1.544499805182068
    ],
    "India_0": [
      0.9826656163777654,
      38.10024217924596,
      208.0,
      0.8189317325075961,
      300.6377153427078,
      300.6377153427078,
      208.0,
      1.4453736314553258
    ],
    "Indonesia_0": [
      0.9829627825852778,
      59.1458186585499,
      12.0,
      1.232160263925994,
      15.683079146918436,
      15.683079146918436,
      12.0,
      1.306923262243203
    ],
    "Iran_0": [
      1.2434757816273898,
      46.874024810464,
      19.0,
      1.46788699332563,
      1678250.913165409,
      1678250.913165409,
      19.0,
      88328.99542975836
    ],
    "Ireland_0": [
      0.9934366876509086,
      26.73992767476871,
      39.0,
      1.0116180310712555,
      66.670123512615,
      66.670123512615,
      39.0,
      1.709490346477308
    ],
    "Israel_0": [
      0.9519299180532242,
      136.77059995201438,
      4.0,
      1.5267054915162526,
      3.313581296815356,
      4.0,
      4.0,
      0.828395324203839
    ],
    "Italy_0": [
      0.9949157674874964,
      38.35531005709377,
      231.0,
      0.5308856342698912,
      419.3408567118949,
      419.3408567118949,
      231.0,
      1.8153283840341772
    ],
    "Japan_0": [
      0.945840587786717,
      42.78319645794998,
      39.0,
      1.1855250686503402,
      38.57863450858046,
      39.0,
      39.0,
      0.989195756630268
    ],
    "Kenya_0": [
      1.0927291732033801,
      116.74303337006317,
      3.0,
      2.0984080183998786,
      148862.13479685038,
      148862.13479685038,
      3.0,
      49620.711598950125
    ],
    "Kuwait_0": [
      0.9823640525563935,
      128.34616002686553,
      4.0,
      1.9056417858473,
      4.683327469336837,
      4.683327469336837,
      4.0,
      1.1708318673342093
    ],
    "Latvia_0": [
      0.9762226798076127,
      28.258501066520125,
      3.0,
      2.3404725140868163,
      4.68079674329473,
      4.68079674329473,
      3.0,
      1.5602655810982433
    ],
    "Lebanon_0": [
      0.9821699301953515,
      36.49926563061723,
      6.0,
      2.080680996012885,
      8.154361924386015,
      8.154361924386015,
      6.0,
      1.3590603207310024
    ],
    "Lithuania_0": [
      0.9991857793604602,
      36.472132567057436,
      3.0,
      2.749235676204393,
      6.41008807756057,
      6.41008807756057,
      3.0,
      2.1366960258535235
    ],
    "Luxembourg_0": [
      0.9366136563490822,
      183.54364759988857,
      9.0,
      1.5320931168959835,
      7.038819077621131,
      9.0,
      9.0,
      0.7820910086245701
    ],