{
  "params": {
    "USA_0": [
      1.0505719689464088,
      228.16549206883386,
      12.0,
      0.6081922091414128,
      1229463.7220912385,
      1229463.7220912385,
      12.0,
      102455.31017426986
    ],
    "UK_0": [
      1.0053436857555405,
      149.94680313661692,
      10.0,
      0.8080741715027039,
      32.23202901729745,
      32.23202901729745,
      10.0,
      3.2232029017297448
    ]
  }
}