{
  "params": {
    "Australia_0": [
      0.9913361211083437,
      101.65253927234376,
      20.0,
      1.433142142963535,
      28.517331434246522,
      28.517331434246522,
      20.0,
      1.425866571712326
    ],
    "Brazil_0": [
      0.9984110658581681,
      84.91408139730272,
      2.0,
      3.1942638781947696,
      3.5322396564871212,
      3.5322396564871212,
      2.0,
      1.7661198282435606
    ],
    "Canada_0": [
      0.9875435881091684,
      113.73640075505357,
      12.0,
      0.5770088442359547,
      15.050092941947241,
      15.050092941947241,
      12.0,
      1.2541744118289369
    ],
    "Chile_0": [
      0.9888781360233042,
      5121.512398744741,
      1.0,
      5.991390564251354e-08,
      1.0000000000000173,
      1.0000000000000173,
      1.0,
      1.0000000000000173
    ],
    "Czech Republic_0": [
      0.9872229400080309,
      675.401397273822,
      5.0,
      1.6253810347539488,
      5.063934383784751,
      5.063934383784751,
      5.0,
      1.0127868767569503
    ],
    "Denmark_0": [
      0.986215269385118,
      128.16581187395641,
      5.0,
      2.042614275761169,
      6.159518609371721,
      6.159518609371721,
      5.0,
      1.2319037218743443
    ],
    "Fiji_0": [
      0.9740688501860386,
      5013.182342512928,
      1.0,
      6.776066294419962e-08,
      1.0000000000000455,
      1.0000000000000455,
      1.0,
      1.0000000000000455
    ],
    "Finland_0": [
      0.9759629229918191,
      985.6582500917532,
      5.0,
      1.067974465616261,
      4.667192573229958,
      5.0,
      5.0,
      0.9334385146459916
    ],
    "France_0": [
      0.9849480655654228,
      93.93005020979363,
      4.0,
      1.8793428548123305,
      5.17865894296829,
      5.17865894296829,
      4.0,
      1.2946647357420724
    ],
    "Germany_0": [
      0.9896042951881372,
      136.41802340649136,
      7.0,
      1.1005086228618233,
      8.59749076760601,
      8.59749076760601,
      7.0,
      1.2282129668008586
    ],
    "Greece_0": [
      0.9740688501860386,
      5013.182342512928,
      1.0,
      6.776066294419962e-08,
      1.0000000000000455,
      1.0000000000000455,
      1.0,
      1.0000000000000455
    ],
    "Hungary_0": [
      0.9954249744461188,
      112.22612204535453,
      9.0,
      1.6484390640700495,
      14.321288589484825,
      14.321288589484825,
      9.0,
      1.591254287720536
    ],
    "India_0": [
      0.9888781360233042,
      5121.512398744741,
      3.0,
      5.991390564251354e-08,
      3.000000000000052,
      3.000000000000052,
      3.0,
      1.0000000000000173
    ],
    "Ireland_0": [
      0.9789276282599783,
      259.9418211207553,
      4.0,
      1.0763218034402362,
      3.973713973544425,
      4.0,
      4.0,
      0.9934284933861063
    ],
    "Italy_0": [
      0.9976195158509424,
      137.31471799703715,
      5.0,
      1.2209067016212476,
      8.64020197970546,
      8.64020197970546,
      5.0,
      1.728040395941092
    ],
    "Japan_0": [
      0.9740688501860386,
      5013.182342512928,
      1.0,
      6.776066294419962e-08,
      1.0000000000000455,
      1.0000000000000455,
      1.0,
      1.0000000000000455
    ],
    "Malaysia_0": [
      0.9911957676156171,
      160.63182250752354,
      4.0,
      1.5328749332809304,
      5.042003042232517,
      5.042003042232517,
      4.0,
      1.2605007605581293
    ],
    "Malta_0": [
      0.9888781360233042,
      5121.512398744741,
      1.0,
      5.991390564251354e-08,
      1.0000000000000173,
      1.0000000000000173,
      1.0,
      1.0000000000000173
    ],
    "Netherlands_0": [
      0.9860899765551707,
      273.24902957000086,
      5.0,
      1.2419633356444304,
      5.36525600250322,
      5.36525600250322,
      5.0,
      1.073051200500644
    ],
    "New Zealand_0": [
      0.97442832962745,
      152.10972243734685,
      4.0,
      1.4715789052387023,
      4.074647873047103,
      4.074647873047103,
      4.0,
      1.0186619682617757
    ],
    "Norway_0": [
      0.9889700832674915,
      384.10582177539084,
      6.0,
      1.3896763761905793,
      6.1376333269558225,
      6.1376333269558225,
      6.0,
      1.0229388878259704
    ],
    "Peoples R China_0": [
      0.9871663373884517,
      1162.5046915787461,
      11.0,
      0.750639289646879,
      11.009991360906087,
      11.009991360906087,
      11.0,
      1.000908305536917
    ],
    "Philippines_0": [
      0.990205492516762,
      216.14539019029723,
      3.0,
      0.8927986033256928,
      3.3279423439810327,
      3.3279423439810327,
      3.0,
      1.1093141146603442
    ],
    "Poland_0": [
      0.9888781360233042,
      5121.512398744741,
      1.0,
      5.991390564251354e-08,
      1.0000000000000173,
      1.0000000000000173,
      1.0,
      1.0000000000000173
    ],
    "Romania_0": [
      0.9923357299927414,
      2698.5134378774646,
      3.0,
      4.057993331928387e-08,
      3.0000000031262077,
      3.0000000031262077,
      3.0,
      1.0000000010420693
    ],
    "Serbia_0": [
      0.9888781360233042,
      5121.512398744741,
      1.0,
      5.991390564251354e-08,
      1.0000000000000173,
      1.0000000000000173,
      1.0,
      1.0000000000000173
    ],
    "Singapore_0": [
      1.1983646371564833,
      50.828396364658595,
      3.0,
      2.5213282607906855,
      70124.81353156705,
      70124.81353156705,
      3.0,
      23374.937843855685
    ],
    "South Africa_0": [
      0.9829417994382904,
      167.11735810504706,
      2.0,
      2.0870799888802645,
      2.1787794482837093,
      2.1787794482837093,
      2.0,
      1.0893897241418546
    ],
    "South Korea_0": [
      0.9740688501860386,
      5013.182342512928,
      2.0,
      6.776066294419962e-08,
      2.000000000000091,
      2.000000000000091,
      2.0,
      1.0000000000000455
    ],
    "Spain_0": [
      0.9928558490829532,
      2632.9728461005175,
      6.0,
      1.8773291502336875e-08,
      6.000000040636431,
      6.000000040636431,
      6.0,
      1.0000000067727386
    ],
    "Switzerland_0": [
      0.9829101603862211,
      125.0415950976802,
      4.0,
      1.8293442413931624,
      4.620477970307852,
      4.620477970307852,
      4.0,
      1.155119492576963
    ],
    "U Arab Emirates_0": [
      0.9740688501860386,
      5013.182342512928,
      1.0,
      6.776066294419962e-08,
      1.0000000000000455,
      1.0000000000000455,
      1.0,
      1.0000000000000455
    ],
    "USA_0": [
      0.9872731849354117,
      103.7818524127509,
      102.0,
      0.9972355435986004,
      131.71548564007833,
      131.71548564007833,
      102.0,
      1.2913282905890031
    ],
    "Turkey_0": [
      0.9888781360233042,
      5121.512398744741,
      2.0,
      5.991390564251354e-08,
      2.0000000000000346,
      2.0000000000000346,
      2.0,
      1.0000000000000173
    ],
    "UK_0": [
      0.9816849477452101,
      105.7118828454401,
      64.0,
      0.7073687545716837,
      73.74092190566353,
      73.74092190566353,
      64.0,
      1.1522019047759926
    ]
  }
}