{
  "params": {
    "Australia_0": [
      1.0769983661526623,
      148.31349563613892,
      8.0,
      1.8461198519567672,
      719925.5628275557,
      719925.5628275557,
      8.0,
      89990.69535344446
    ],
    "Canada_0": [
      0.9967939495842737,
      168.96786312298394,
      4.0,
      0.8923399350986988,
      6.305214433600914,
      6.305214433600914,
      4.0,
      1.5763036084002284
    ],
    "Denmark_0": [
      0.992592592592585,
      2495.0914613880536,
      2.0,
      1.0770123770912494e-07,
      1.9999999999821527,
      2.0,
      2.0,
      0.9999999999910764
    ],
    "France_0": [
      0.9959135419154956,
      132.28979311975144,
      2.0,
      2.5749782467669093,
      3.088999610364136,
      3.088999610364136,
      2.0,
      1.544499805182068
    ],
    "New Zealand_0": [
      1.0927291732033801,
      116.74303337006317,
      3.0,
      2.0984080183998786,
      148862.13479685038,
      148862.13479685038,
      3.0,
      49620.711598950125
    ],
    "Singapore_0": [
      0.9814744072027304,
      5142.664282318878,
      1.0,
      4.728017097659654e-08,
      0.9999999999999813,
      1.0,
      1.0,
      0.9999999999999813
    ],
    "Switzerland_0": [
      0.992592592592585,
      2495.0914613880536,
      2.0,
      1.0770123770912494e-07,
      1.9999999999821527,
      2.0,
      2.0,
      0.9999999999910764
    ],
    "USA_0": [
      1.007815744089896,
      119.4080350641519,
      41.0,
      0.9583573746641786,
      144.65143481208762,
      144.65143481208762,
      41.0,
      3.528083775904576
    ],
    "UK_0": [
      1.1181580496687809,
      93.86421090495065,
      33.0,
      0.8017784372296428,
      2146793.7023602105,
      2146793.7023602105,
      33.0,
      65054.35461697608
    ]
  }
}