{
  "params": {
    "Albania_0": [
      0.9888781360233042,
      5121.512398744741,
      1.0,
      5.991390564251354e-08,
      1.0000000000000173,
      1.0000000000000173,
      1.0,
      1.0000000000000173
    ],
    "Algeria_0": [
      0.9888781360233042,
      5121.512398744741,
      2.0,
      5.991390564251354e-08,
      2.0000000000000346,
      2.0000000000000346,
      2.0,
      1.0000000000000173
    ],
    "Argentina_0": [
      0.9984110658581681,
      84.91408139730272,
      2.0,
      3.1942638781947696,
      3.5322396564871212,
      3.5322396564871212,
      2.0,
      1.7661198282435606
    ],
    "Australia_0": [
      0.9685180966878086,
      41.39752504064586,
      182.0,
      0.48125121790304864,
      229.57515055106174,
      229.57515055106174,
      182.0,
      1.261401926104735
    ],
    "Austria_0": [
      0.9546730416321281,
      55.83534503501701,
      21.0,
      0.9680947405473598,
      22.662246611319485,
      22.662246611319485,
      21.0,
      1.0791546005390231
    ],
    "Bangladesh_0": [
      0.9494229168331616,
      36.186569918391655,
      2.0,
      3.9396008618927834,
      1.885868223587463,
      2.0,
      2.0,
      0.9429341117937315
    ],
    "Belgium_0": [
      0.9653340098161354,
      61.077284646877196,
      44.0,
      0.7901787595155777,
      47.90112173564583,
      47.90112173564583,
      44.0,
      1.0886618576283142
    ],
    "Brazil_0": [
      1.0085090771151985,
      48.10496788179318,
      29.0,
      0.8661840907707634,
      74.62349638939631,
      74.62349638939631,
      29.0,
      2.573224013427459
    ],
    "Canada_0": [
      0.9752444667386577,
      40.3443278504939,
      125.0,
      0.5127029155603678,
      170.65488860945263,
      170.65488860945263,
      125.0,
      1.365239108875621
    ],
    "Chile_0": [
      1.0337191463941466,
      32.875097520850396,
      16.0,
      1.4110579066501556,
      65.53197776412304,
      65.53197776412304,
      16.0,
      4.09574861025769
    ],
    "Colombia_0": [
      1.0017882199112214,
      51.568105359922264,
      18.0,
      0.8200891106416159,
      38.09116826261243,
      38.09116826261243,
      18.0,
      2.116176014589579
    ],
    "Croatia_0": [
      0.9592491033181101,
      5214.954715784281,
      2.0,
      2.7111713488696896e-08,
      2.0000000000000773,
      2.0000000000000773,
      2.0,
      1.0000000000000386
    ],
    "Cyprus_0": [
      0.9888781360233042,
      5121.512398744741,
      2.0,
      5.991390564251354e-08,
      2.0000000000000346,
      2.0000000000000346,
      2.0,
      1.0000000000000173
    ],
    "Czech Republic_0": [
      0.960908756430368,
      26.996762087329913,
      12.0,
      2.8840343844922964,
      14.41027151491292,
      14.41027151491292,
      12.0,
      1.2008559595760766
    ],
    "Denmark_0": [
      0.9761183971590432,
      37.899829369670734,
      39.0,
      0.6921185951081211,
      53.24337636776407,
      53.24337636776407,
      39.0,
      1.3652147786606172
    ],
    "Estonia_0": [
      0.9601668807756046,
      64.83758433704372,
      2.0,
      2.542308045401419,
      2.231576475427148,
      2.231576475427148,
      2.0,
      1.115788237713574
    ],
    "Fiji_0": [
      0.8870479480875639,
      1470.9859428508832,
      2.0,
      2.762057536504255,
      1.0666669321179751,
      2.0,
      2.0,
      0.5333334660589876
    ],
    "Finland_0": [
      0.9597528841176898,
      44.61375595183124,
      47.0,
      0.6160804865478926,
      54.73705598283434,
      54.73705598283434,
      47.0,
      1.1646182124007307
    ],
    "France_0": [
      0.980765102036076,
      46.471046888242576,
      57.0,
      0.8173645481357946,
      82.94455458234374,
      82.94455458234374,
      57.0,
      1.4551676242516447
    ],
    "Germany_0": [
      0.9736137282368258,
      42.89450565561177,
      153.0,
      0.7019631091713153,
      201.0516991299402,
      201.0516991299402,
      153.0,
      1.3140633930061452
    ],
    "Ghana_0": [
      0.9666598720900891,
      5111.18793448933,
      1.0,
      4.294663758369441e-08,
      1.0000000000000586,
      1.0000000000000586,
      1.0,
      1.0000000000000586
    ],
    "Greece_0": [
      0.9903702731056312,
      41.081012177008404,
      33.0,
      1.0749750137269647,
      54.57623762923814,
      54.57623762923814,
      33.0,
      1.6538253827041862
    ],
    "Hungary_0": [
      0.9310446673580434,
      46.55682074949919,
      27.0,
      1.189267942820615,
      25.676884170081415,
      27.0,
      27.0,
      0.9509957100030153
    ],
    "India_0": [
      0.9781851259239219,
      50.49393232721,
      127.0,
      0.827524457061675,
      170.01023940720356,
      170.01023940720356,
      127.0,
      1.3386633024189256
    ],
    "Indonesia_0": [
      0.986490071855119,
      81.32076126539474,
      6.0,
      1.7510079399567196,
      8.335788245234973,
      8.335788245234973,
      6.0,
      1.3892980408724953
    ],
    "Iran_0": [
      0.9811213522183966,
      56.56723776428543,
      5.0,
      1.9190545192822086,
      6.3054363905196755,
      6.3054363905196755,
      5.0,
      1.261087278103935
    ],
    "Ireland_0": [
      0.9727275621011691,
      35.86837471621994,
      25.0,
      0.9198312598583986,
      34.24969162739616,
      34.24969162739616,
      25.0,
      1.3699876650958465
    ],
    "Israel_0": [
      0.973320664727894,
      150.41683582188398,
      3.0,
      1.3264115179053577,
      3.1805285008464192,
      3.1805285008464192,
      3.0,
      1.0601761669488063
    ],
    "Italy_0": [
      1.0043698848976534,
      40.580714315639476,
      136.0,
      0.6847798733461762,
      302.1798897588922,
      302.1798897588922,
      136.0,
      2.2219109541095015
    ],
    "Japan_0": [
      0.952324392378388,
      61.54765454677307,
      29.0,
      1.0690411184534572,
      28.78578344948109,
      29.0,
      29.0,
      0.9926132223958997
    ],
    "Kuwait_0": [
      0.9814744072027304,
      5142.664282318878,
      1.0,
      4.728017097659654e-08,
      0.9999999999999813,
      1.0,
      1.0,
      0.9999999999999813
    ],
    "Latvia_0": [
      0.9586994306172475,
      37.18304092721116,
      2.0,
      3.0520056603554755,
      2.486600697257829,
      2.486600697257829,
      2.0,
      1.2433003486289145
    ],
    "Lebanon_0": [
      1.009690149984452,
      37.549706726689045,
      4.0,
      2.463893658138903,
      9.868738391598782,
      9.868738391598782,
      4.0,
      2.4671845978996956
    ],
    "Lithuania_0": [
      0.946325947173517,
      1067.183621929579,
      2.0,
      3.3830015752188376,
      1.1428830368212493,
      2.0,
      2.0,
      0.5714415184106246
    ],
    "Luxembourg_0": [
      0.9571449220390106,
      249.94137907044035,
      7.0,
      0.986308849087436,
      6.441363644684211,
      7.0,
      7.0,
      0.9201948063834586
    ],
    "Malaysia_0": [
      0.9654740628875317,
      49.236849010594156,
      56.0,
      0.7824046227851853,
      66.03769151184042,
      66.03769151184042,
      56.0,
      1.1792444912828648
    ],
    "Malta_0": [
      0.9154018021192,
      91.21691949951445,
      2.0,
      1.6146070393986955,
      2.034987562421176,
      2.034987562421176,
      2.0,
      1.017493781210588
    ],
    "Mexico_0": [
      0.9823855134246043,
      90.91115939667314,
      12.0,
      1.3982130774612898,
      13.686262333552383,
      13.686262333552383,
      12.0,
      1.1405218611293653
    ],
    "Morocco_0": [
      0.9888781360233042,
      5121.512398744741,
      1.0,
      5.991390564251354e-08,
      1.0000000000000173,
      1.0000000000000173,
      1.0,
      1.0000000000000173
    ],