{
  "params": {
    "Albania_0": [
      0.9887933705737653,
      43.861143660516305,
      3.0,
      2.55444600971974,
      4.417455901801694,
      4.417455901801694,
      3.0,
      1.4724853006005647
    ],
    "Algeria_0": [
      0.957277986172209,
      73.19254118931056,
      5.0,
      1.798926028627198,
      5.207924419063284,
      5.207924419063284,
      5.0,
      1.0415848838126567
    ],
    "Argentina_0": [
      1.0498634665140847,
      36.61230414866585,
      11.0,
      1.2222179844958176,
      76.63084366084213,
      76.63084366084213,
      11.0,
      6.96644033280383
    ],
    "Australia_0": [
      0.9493206839114527,
      29.613448753571124,
      325.0,
      0.5196759960313637,
      383.92019243052533,
      383.92019243052533,
      325.0,
      1.1812928997862318
    ],
    "Austria_0": [
      0.9792498649087436,
      25.880576476616785,
      52.0,
      0.9963146173114152,
      77.9608994254696,
      77.9608994254696,
      52.0,
      1.4992480658744156
    ],
    "Bangladesh_0": [
      1.0466318722859893,
      24.596675122000995,
      7.0,
      1.6955213956848292,
      29.47948402569625,
      29.47948402569625,
      7.0,
      4.21135486081375
    ],
    "Belgium_0": [
      0.9359292364540344,
      38.90920068901906,
      73.0,
      0.8481396626124321,
      72.85202295306486,
      73.0,
      73.0,
      0.9979729171652721
    ],
    "Brazil_0": [
      1.0177493201194971,
      32.52327608544534,
      110.0,
      0.6334155877294838,
      296.6106655152114,
      296.6106655152114,
      110.0,
      2.6964605955928307
    ],
    "Bulgaria_0": [
      0.9592491033181101,
      5214.954715784281,
      1.0,
      2.7111713488696896e-08,
      1.0000000000000386,
      1.0000000000000386,
      1.0,
      1.0000000000000386
    ],
    "Canada_0": [
      0.9660250039424919,
      27.62743473007189,
      252.0,
      0.6341553248600678,
      331.49363666978206,
      331.49363666978206,
      252.0,
      1.3154509391658018
    ],
    "Chile_0": [
      0.9651071362335499,
      33.757540590721746,
      33.0,
      0.6788298391990797,
      43.03596932228492,
      43.03596932228492,
      33.0,
      1.3041202824934823
    ],
    "Colombia_0": [
      0.9704474085584165,
      36.3047556846892,
      40.0,
      0.8882757742467398,
      50.284462841970736,
      50.284462841970736,
      40.0,
      1.2571115710492684
    ],
    "Costa Rica_0": [
      0.9818449991265733,
      103.3158899356086,
      2.0,
      2.5850333754074173,
      2.353340811912122,
      2.353340811912122,
      2.0,
      1.176670405956061
    ],
    "Croatia_0": [
      0.9795385841698981,
      32.27539729051757,
      7.0,
      2.1329218160849,
      9.870842422703,
      9.870842422703,
      7.0,
      1.4101203461004284
    ],
    "Cyprus_0": [
      0.9631329854222165,
      67.90641336254676,
      6.0,
      1.579117703711853,
      6.053058416103896,
      6.053058416103896,
      6.0,
      1.0088430693506494
    ],
    "Czech Republic_0": [
      1.6108901688194057,
      19.575784797499743,
      36.0,
      1.6233679066918179,
      5367672.297193328,
      5367672.297193328,
      36.0,
      149102.00825537022
    ],
    "Denmark_0": [
      0.9846043181143689,
      25.423918482249256,
      87.0,
      0.656295595796862,
      138.44659790764956,
      138.44659790764956,
      87.0,
      1.5913402058350523
    ],
    "Ecuador_0": [
      0.9819107020970774,
      72.39822726933816,
      6.0,
      1.3554850118473996,
      7.4538177253036135,
      7.4538177253036135,
      6.0,
      1.242302954217269
    ],
    "Egypt_0": [
      0.9823640525563935,
      128.34616002686553,
      4.0,
      1.9056417858473,
      4.683327469336837,
      4.683327469336837,
      4.0,
      1.1708318673342093
    ],
    "Estonia_0": [
      0.9883851684750822,
      33.10572704925888,
      8.0,
      1.307303072273061,
      13.476967359807084,
      13.476967359807084,
      8.0,
      1.6846209199758855
    ],
    "Ethiopia_0": [
      0.9888781360233042,
      5121.512398744741,
      1.0,
      5.991390564251354e-08,
      1.0000000000000173,
      1.0000000000000173,
      1.0,
      1.0000000000000173
    ],
    "Fiji_0": [
      0.9826436762828924,
      18.21838643381615,
      3.0,
      3.112492210032094,
      5.805591728714535,
      5.805591728714535,
      3.0,
      1.935197242904845
    ],
    "Finland_0": [
      0.9775575795591402,
      22.92452256765449,
      94.0,
      1.2759898911014615,
      137.73621837296025,
      137.73621837296025,
      94.0,
      1.4652789188612791
    ],
    "France_0": [
      0.9617971480104391,
      32.133667878281024,
      121.0,
      0.6839162240490632,
      147.86304095002626,
      147.86304095002626,
      121.0,
      1.222008602892779
    ],
    "Germany_0": [
      0.9500590809916942,
      31.428795475682993,
      277.0,
      0.6118452228159811,
      319.49532132840136,
      319.49532132840136,
      277.0,
      1.1534127123769002
    ],
    "Ghana_0": [
      0.9166824739507422,
      1305.8929471850518,
      2.0,
      3.0233270612402112,
      1.090910834183294,
      2.0,
      2.0,
      0.545455417091647
    ],
    "Greece_0": [
      0.9534939243359309,
      36.22272633911948,
      65.0,
      0.5744017615320292,
      74.07685054304052,
      74.07685054304052,
      65.0,
      1.1396438545083156
    ],
    "Hungary_0": [
      0.8946407021487588,
      34.393975305955024,
      32.0,
      1.0037410688733597,
      31.70357698917095,
      32.0,
      32.0,
      0.9907367809115922
    ],
    "Iceland_0": [
      0.9991362465158947,
      60.715161309578036,
      6.0,
      1.6134668252633433,
      11.144690617744805,
      11.144690617744805,
      6.0,
      1.8574484362908008
    ],
    "India_0": [
      0.977105893422764,
      31.31790921973163,
      319.0,
      0.6929440671142499,
      452.7744054052952,
      452.7744054052952,
      319.0,
      1.4193555028379161
    ],
    "Indonesia_0": [
      0.9886855744083637,
      41.568264981835696,
      23.0,
      1.2318872815519208,
      38.161839897358895,
      38.161839897358895,
      23.0,
      1.659210430319952
    ],
    "Iran_0": [
      0.985178223077205,
      53.65753872732779,
      40.0,
      0.700744084934846,
      57.079947494495606,
      57.079947494495606,
      40.0,
      1.42699868736239
    ],
    "Iraq_0": [
      0.9935151660049129,
      68.52021775111562,
      2.0,
      3.5777935492144164,
      2.9297525439020173,
      2.9297525439020173,
      2.0,
      1.4648762719510087
    ],
    "Ireland_0": [
      0.9940696930817691,
      23.903232752161205,
      55.0,
      0.7299518069960877,
      104.89923543878434,
      104.89923543878434,
      55.0,
      1.9072588261597154
    ],
    "Israel_0": [
      0.9726824094983474,
      37.20123554402068,
      7.0,
      1.874734052152723,
      9.776289098764302,
      9.776289098764302,
      7.0,
      1.3966127283949004
    ],
    "Italy_0": [
      0.9716227051117463,
      36.042361023473255,
      351.0,
      0.36352573447822684,
      468.8082570854047,
      468.8082570854047,
      351.0,
      1.335636060072378
    ],
    "Japan_0": [
      0.9714013732933897,
      25.168569726773875,
      61.0,
      1.3013173319459928,
      82.63824787848417,
      82.63824787848417,
      61.0,
      1.3547253750571175
    ],
    "Jordan_0": [
      0.9783395725164283,
      211.97388925502406,
      3.0,
      1.8680881158388891,
      3.1825050368131276,
      3.1825050368131276,
      3.0,
      1.0608350122710426
    ],
    "Kenya_0": [
      0.9663965751917135,
      143.28112056633546,
      4.0,
      1.6711887553659501,
      3.8180096600295115,
      4.0,
      4.0,
      0.9545024150073779
    ],