{
  "params": {
    "Australia_0": [
      0.9939616616055305,
      49.88227515804457,
      82.0,
      0.904063196968293,
      145.50109125321714,
      145.50109125321714,
      82.0,
      1.7744035518685017
    ],
    "Austria_0": [
      0.9759770226991095,
      86.35593861676325,
      10.0,
      1.8567106898783798,
      11.198531280983202,
      11.198531280983202,
      10.0,
      1.1198531280983202
    ],
    "Bangladesh_0": [
      0.9592491033181101,
      5214.954715784281,
      1.0,
      2.7111713488696896e-08,
      1.0000000000000386,
      1.0000000000000386,
      1.0,
      1.0000000000000386
    ],
    "Belgium_0": [
      0.9880659332088237,
      104.6593806174485,
      16.0,
      1.3181821834317609,
      21.507413007799066,
      21.507413007799066,
      16.0,
      1.3442133129874416
    ],
    "Brazil_0": [
      1.3361085694839754,
      34.33902413842799,
      6.0,
      3.2454741440485515,
      516218.43989854364,
      516218.43989854364,
      6.0,
      86036.40664975728
    ],
    "Canada_0": [
      0.9972083113267585,
      48.50396667540105,
      51.0,
      0.8875642659527102,
      97.46983470725245,
      97.46983470725245,
      51.0,
      1.9111732295539696
    ],
    "Chile_0": [
      0.9672775119420147,
      99.62321755536887,
      4.0,
      1.8064644302501176,
      4.084716484995408,
      4.084716484995408,
      4.0,
      1.021179121248852
    ],
    "Colombia_0": [
      0.9671152327011264,
      180.53408186730417,
      2.0,
      1.5953956129499995,
      2.0531853449702,
      2.0531853449702,
      2.0,
      1.0265926724851
    ],
    "Czech Republic_0": [
      0.9438482229622671,
      440.9541206419963,
      6.0,
      1.2418501290152313,
      5.5913130580594546,
      6.0,
      6.0,
      0.9318855096765758
    ],
    "Denmark_0": [
      0.9933684472127594,
      44.55043771096474,
      16.0,
      1.1170170687400613,
      27.234548411337276,
      27.234548411337276,
      16.0,
      1.7021592757085797
    ],
    "Estonia_0": [
      0.9814744072027304,
      5142.664282318878,
      1.0,
      4.728017097659654e-08,
      0.9999999999999813,
      1.0,
      1.0,
      0.9999999999999813
    ],
    "Fiji_0": [
      0.9296164931386349,
      5002.468966124272,
      1.0,
      4.770964819995565e-08,
      0.999999999999977,
      1.0,
      1.0,
      0.999999999999977
    ],
    "Finland_0": [
      0.9809010872213185,
      54.50096787836239,
      22.0,
      0.9986046393993996,
      29.655802120020052,
      29.655802120020052,
      22.0,
      1.347991005455457
    ],
    "France_0": [
      1.310900903726765,
      37.4467766594142,
      19.0,
      1.3244703662008321,
      2126337.668727033,
      2126337.668727033,
      19.0,
      111912.50888037015
    ],
    "Germany_0": [
      0.9767017056742997,
      89.65023608654256,
      60.0,
      0.634696603414197,
      67.82636879487866,
      67.82636879487866,
      60.0,
      1.1304394799146444
    ],
    "Greece_0": [
      0.9932044257877396,
      82.33634732924268,
      12.0,
      1.4733870641465072,
      19.723941371178533,
      19.723941371178533,
      12.0,
      1.6436617809315446
    ],
    "Hungary_0": [
      0.9594309868774624,
      75.86651081275177,
      18.0,
      0.8627593288366174,
      18.593117035921477,
      18.593117035921477,
      18.0,
      1.0329509464400821
    ],
    "India_0": [
      0.9950301855984529,
      69.49527959000139,
      39.0,
      1.4271629970328623,
      68.26192286552057,
      68.26192286552057,
      39.0,
      1.7503057145005276
    ],
    "Iran_0": [
      0.992592592592585,
      2495.0914613880536,
      2.0,
      1.0770123770912494e-07,
      1.9999999999821527,
      2.0,
      2.0,
      0.9999999999910764
    ],
    "Ireland_0": [
      1.051464465011506,
      33.086532313644454,
      13.0,
      1.8308333164065405,
      81.04269410226374,
      81.04269410226374,
      13.0,
      6.234053392481826
    ],
    "Italy_0": [
      0.9943297592508594,
      62.987642340628256,
      38.0,
      1.0116102642922804,
      64.74774323989107,
      64.74774323989107,
      38.0,
      1.7038879799971334
    ],
    "Japan_0": [
      0.9854490220664488,
      97.83592037961526,
      16.0,
      1.4487772725298609,
      20.952045056583994,
      20.952045056583994,
      16.0,
      1.3095028160364997
    ],
    "Latvia_0": [
      0.9592491033181101,
      5214.954715784281,
      1.0,
      2.7111713488696896e-08,
      1.0000000000000386,
      1.0000000000000386,
      1.0,
      1.0000000000000386
    ],
    "Lebanon_0": [
      0.9740688501860386,
      5013.182342512928,
      1.0,
      6.776066294419962e-08,
      1.0000000000000455,
      1.0000000000000455,
      1.0,
      1.0000000000000455
    ],
    "Lithuania_0": [
      0.9888781360233042,
      5121.512398744741,
      1.0,
      5.991390564251354e-08,
      1.0000000000000173,
      1.0000000000000173,
      1.0,
      1.0000000000000173
    ],
    "Malaysia_0": [
      1.0063755189574972,
      50.1812866579562,
      24.0,
      1.8562996646514633,
      58.05355166508415,
      58.05355166508415,
      24.0,
      2.418897986045173
    ],
    "Malta_0": [
      0.9618336541334634,
      84.06420503948686,
      2.0,
      2.3108688249653526,
      2.157526212271184,
      2.157526212271184,
      2.0,
      1.078763106135592
    ],
    "Netherlands_0": [
      0.9896753093032189,
      59.31811905283451,
      27.0,
      0.7638267878891477,
      41.95571501352792,
      41.95571501352792,
      27.0,
      1.5539153708714044
    ],
    "New Zealand_0": [
      0.9525836109030468,
      57.97199134363536,
      9.0,
      1.493714555082162,
      8.337408793323767,
      9.0,
      9.0,
      0.926378754813752
    ],
    "Nigeria_0": [
      0.9787850227862973,
      68.57417633410113,
      2.0,
      3.815638180980969,
      2.002217822957273,
      2.002217822957273,
      2.0,
      1.0011089114786365
    ],
    "North Macedonia_0": [
      0.9740688501860386,
      5013.182342512928,
      1.0,
      6.776066294419962e-08,
      1.0000000000000455,
      1.0000000000000455,
      1.0,
      1.0000000000000455
    ],
    "Norway_0": [
      0.9672562169862823,
      90.82454170146876,
      25.0,
      0.8770644428388636,
      25.217783338026877,
      25.217783338026877,
      25.0,
      1.0087113335210751
    ],
    "Pakistan_0": [
      0.9888781360233042,
      5121.512398744741,
      1.0,
      5.991390564251354e-08,
      1.0000000000000173,
      1.0000000000000173,
      1.0,
      1.0000000000000173
    ],
    "Peoples R China_0": [
      0.9843729240379334,
      76.53545531588667,
      110.0,
      0.9372089352592321,
      144.30096887381657,
      144.30096887381657,
      110.0,
      1.3118269897619688
    ],
    "Philippines_0": [
      0.9680083711695413,
      74.56927636718673,
      8.0,
      1.0334635268335743,
      8.898912426088833,
      8.898912426088833,
      8.0,
      1.112364053261104
    ],
    "Poland_0": [
      1.0032716836504798,
      70.48305855510952,
      6.0,
      2.711616712131089,
      14.49522527794974,
      14.49522527794974,
      6.0,
      2.4158708796582897
    ],
    "Portugal_0": [
      0.9869329961252291,
      626.3869094637132,
      8.0,
      1.0060347429289085,
      8.110656143537893,
      8.110656143537893,
      8.0,
      1.0138320179422367
    ],
    "Romania_0": [
      0.9789040776955507,
      70.23529674113793,
      15.0,
      1.568727366457484,
      18.594722720025644,
      18.594722720025644,
      15.0,
      1.2396481813350428
    ],
    "Saudi Arabia_0": [
      0.9888781360233042,
      5121.512398744741,
      1.0,
      5.991390564251354e-08,
      1.0000000000000173,
      1.0000000000000173,
      1.0,
      1.0000000000000173
    ],