{
  "params": {
    "Australia_0": [
      0.987259963228353,
      493.53372757767346,
      8.0,
      1.993030412268164,
      8.25990573454553,
      8.25990573454553,
      8.0,
      1.0324882168181913
    ],
    "Brazil_0": [
      0.9888781360233042,
      5121.512398744741,
      1.0,
      5.991390564251354e-08,
      1.0000000000000173,
      1.0000000000000173,
      1.0,
      1.0000000000000173
    ],
    "Canada_0": [
      0.9921442402856518,
      151.84010415028933,
      6.0,
      0.5635702635219368,
      7.8022526181665395,
      7.8022526181665395,
      6.0,
      1.30037543636109
    ],
    "Czech Republic_0": [
      0.9888781360233042,
      5121.512398744741,
      1.0,
      5.991390564251354e-08,
      1.0000000000000173,
      1.0000000000000173,
      1.0,
      1.0000000000000173
    ],
    "Denmark_0": [
      0.9851851851852895,
      2493.6419397544155,
      2.0,
      9.275852562233144e-08,
      2.0000000002458997,
      2.0000000002458997,
      2.0,
      1.0000000001229499
    ],
    "Fiji_0": [
      0.9888781360233042,
      5121.512398744741,
      1.0,
      5.991390564251354e-08,
      1.0000000000000173,
      1.0000000000000173,
      1.0,
      1.0000000000000173
    ],
    "Finland_0": [
      0.9888781360233042,
      5121.512398744741,
      4.0,
      5.991390564251354e-08,
      4.000000000000069,
      4.000000000000069,
      4.0,
      1.0000000000000173
    ],
    "France_0": [
      0.9829417994382904,
      167.11735810504706,
      2.0,
      2.0870799888802645,
      2.1787794482837093,
      2.1787794482837093,
      2.0,
      1.0893897241418546
    ],
    "Germany_0": [
      0.9923357299927414,
      2698.5134378774646,
      3.0,
      4.057993331928387e-08,
      3.0000000031262077,
      3.0000000031262077,
      3.0,
      1.0000000010420693
    ],
    "Greece_0": [
      0.9888781360233042,
      5121.512398744741,
      1.0,
      5.991390564251354e-08,
      1.0000000000000173,
      1.0000000000000173,
      1.0,
      1.0000000000000173
    ],
    "Hungary_0": [
      0.9888781360233042,
      5121.512398744741,
      3.0,
      5.991390564251354e-08,
      3.000000000000052,
      3.000000000000052,
      3.0,
      1.0000000000000173
    ],
    "Ireland_0": [
      0.9923357299927414,
      2698.5134378774646,
      3.0,
      4.057993331928387e-08,
      3.0000000031262077,
      3.0000000031262077,
      3.0,
      1.0000000010420693
    ],
    "Italy_0": [
      0.9888781360233042,
      5121.512398744741,
      1.0,
      5.991390564251354e-08,
      1.0000000000000173,
      1.0000000000000173,
      1.0,
      1.0000000000000173
    ],
    "Japan_0": [
      0.9888781360233042,
      5121.512398744741,
      1.0,
      5.991390564251354e-08,
      1.0000000000000173,
      1.0000000000000173,
      1.0,
      1.0000000000000173
    ],
    "Malaysia_0": [
      0.9888781360233042,
      5121.512398744741,
      1.0,
      5.991390564251354e-08,
      1.0000000000000173,
      1.0000000000000173,
      1.0,
      1.0000000000000173
    ],
    "Netherlands_0": [
      0.992592592592585,
      2495.0914613880536,
      2.0,
      1.0770123770912494e-07,
      1.9999999999821527,
      2.0,
      2.0,
      0.9999999999910764
    ],
    "New Zealand_0": [
      0.9865884795279414,
      193.8084549134455,
      3.0,
      2.1614639012363255,
      3.4134446822021216,
      3.4134446822021216,
      3.0,
      1.1378148940673738
    ],
    "Norway_0": [
      0.9888781360233042,
      5121.512398744741,
      1.0,
      5.991390564251354e-08,
      1.0000000000000173,
      1.0000000000000173,
      1.0,
      1.0000000000000173
    ],
    "Peoples R China_0": [
      0.9888781360233042,
      5121.512398744741,
      1.0,
      5.991390564251354e-08,
      1.0000000000000173,
      1.0000000000000173,
      1.0,
      1.0000000000000173
    ],
    "Singapore_0": [
      0.9740688501860386,
      5013.182342512928,
      1.0,
      6.776066294419962e-08,
      1.0000000000000455,
      1.0000000000000455,
      1.0,
      1.0000000000000455
    ],
    "South Africa_0": [
      0.9888781360233042,
      5121.512398744741,
      1.0,
      5.991390564251354e-08,
      1.0000000000000173,
      1.0000000000000173,
      1.0,
      1.0000000000000173
    ],
    "South Korea_0": [
      0.9888781360233042,
      5121.512398744741,
      2.0,
      5.991390564251354e-08,
      2.0000000000000346,
      2.0000000000000346,
      2.0,
      1.0000000000000173
    ],
    "Switzerland_0": [
      0.9851851851852895,
      2493.6419397544155,
      2.0,
      9.275852562233144e-08,
      2.0000000002458997,
      2.0000000002458997,
      2.0,
      1.0000000001229499
    ],
    "U Arab Emirates_0": [
      0.9888781360233042,
      5121.512398744741,
      1.0,
      5.991390564251354e-08,
      1.0000000000000173,
      1.0000000000000173,
      1.0,
      1.0000000000000173
    ],
    "USA_0": [
      0.9882606619707327,
      162.23883683987165,
      50.0,
      0.8433456165434938,
      58.271531940319676,
      58.271531940319676,
      50.0,
      1.1654306388063935
    ],
    "UK_0": [
      0.9893641604382618,
      137.7828721180562,
      40.0,
      0.9431438234116382,
      50.235190996709456,
      50.235190996709456,
      40.0,
      1.2558797749177364
    ]
  }
}