{
  "params": {
    "Australia_0": [
      0.9857004496184798,
      62.74442382345954,
      53.0,
      0.858558187085511,
      72.2516484467763,
      72.2516484467763,
      53.0,
      1.3632386499391755
    ],
    "Austria_0": [
      0.9756041873148676,
      279.2137468179292,
      6.0,
      0.6770155319505855,
      5.858152667169999,
      6.0,
      6.0,
      0.9763587778616665
    ],
    "Bangladesh_0": [
      0.9740688501860386,
      5013.182342512928,
      1.0,
      6.776066294419962e-08,
      1.0000000000000455,
      1.0000000000000455,
      1.0,
      1.0000000000000455
    ],
    "Belgium_0": [
      1.0128527927498747,
      76.39754693117814,
      8.0,
      1.392441632197681,
      29.168671397061715,
      29.168671397061715,
      8.0,
      3.6460839246327144
    ],
    "Brazil_0": [
      0.9563895150240237,
      118.87693217058245,
      2.0,
      1.8463004737754554,
      2.0663427538596135,
      2.0663427538596135,
      2.0,
      1.0331713769298068
    ],
    "Canada_0": [
      0.9860970660704796,
      61.46973784186237,
      32.0,
      0.7227158096158043,
      44.484727208535126,
      44.484727208535126,
      32.0,
      1.3901477252667227
    ],
    "Chile_0": [
      0.9778594918360847,
      126.19926466710805,
      3.0,
      2.378892364868898,
      3.397087774221472,
      3.397087774221472,
      3.0,
      1.1323625914071573
    ],
    "Colombia_0": [
      0.9829417994382904,
      167.11735810504706,
      2.0,
      2.0870799888802645,
      2.1787794482837093,
      2.1787794482837093,
      2.0,
      1.0893897241418546
    ],
    "Czech Republic_0": [
      0.9583806075100498,
      489.5521547695952,
      6.0,
      1.3250820383237185,
      5.419346806417707,
      6.0,
      6.0,
      0.9032244677362845
    ],
    "Denmark_0": [
      0.9883981873543829,
      53.78337176178385,
      11.0,
      1.5645907149845049,
      16.357066741631655,
      16.357066741631655,
      11.0,
      1.4870060674210595
    ],
    "Fiji_0": [
      0.9444420566256868,
      5132.955637332785,
      1.0,
      3.221310461719837e-08,
      0.9999999999999925,
      1.0,
      1.0,
      0.9999999999999925
    ],
    "Finland_0": [
      1.001864518437271,
      51.654085971507754,
      17.0,
      1.4323729279723616,
      35.687935877980934,
      35.687935877980934,
      17.0,
      2.0992903457635843
    ],
    "France_0": [
      0.976864287431025,
      58.39323775761408,
      9.0,
      1.2669383238030498,
      10.607544826538051,
      10.607544826538051,
      9.0,
      1.1786160918375612
    ],
    "Germany_0": [
      0.9882440025494545,
      98.00366298669105,
      44.0,
      0.9323925305626676,
      58.91398092907245,
      58.91398092907245,
      44.0,
      1.338954112024374
    ],
    "Greece_0": [
      1.2182473828692735,
      53.692319527222374,
      6.0,
      1.6940620735615226,
      720176.313393125,
      720176.313393125,
      6.0,
      120029.38556552083
    ],
    "Hungary_0": [
      0.9695130818657678,
      90.94935271411347,
      16.0,
      0.9311914783978049,
      16.123477453846835,
      16.123477453846835,
      16.0,
      1.0077173408654272
    ],
    "India_0": [
      0.9815751288467401,
      123.56792254863582,
      18.0,
      1.115304834911352,
      20.186539133774364,
      20.186539133774364,
      18.0,
      1.121474396320798
    ],
    "Ireland_0": [
      0.9608209104842822,
      89.67146057881213,
      7.0,
      1.6482057089664852,
      6.374650683008773,
      7.0,
      7.0,
      0.9106643832869675
    ],
    "Italy_0": [
      0.9839776879742806,
      98.09928692502227,
      20.0,
      1.1574834581943363,
      24.793778506562354,
      24.793778506562354,
      20.0,
      1.2396889253281178
    ],
    "Japan_0": [
      1.0126517050416832,
      70.26269539766525,
      9.0,
      1.6474596208033498,
      31.57452374420209,
      31.57452374420209,
      9.0,
      3.5082804160224543
    ],
    "Latvia_0": [
      0.9740688501860386,
      5013.182342512928,
      1.0,
      6.776066294419962e-08,
      1.0000000000000455,
      1.0000000000000455,
      1.0,
      1.0000000000000455
    ],
    "Lebanon_0": [
      0.9888781360233042,
      5121.512398744741,
      1.0,
      5.991390564251354e-08,
      1.0000000000000173,
      1.0000000000000173,
      1.0,
      1.0000000000000173
    ],
    "Malaysia_0": [
      0.9719261364703338,
      136.9858900363949,
      11.0,
      1.1097052568181194,
      11.329742633324198,
      11.329742633324198,
      11.0,
      1.0299766030294726
    ],
    "Malta_0": [
      0.9820121075583674,
      73.22469056880256,
      2.0,
      2.9216295763977547,
      2.550707975624471,
      2.550707975624471,
      2.0,
      1.2753539878122355
    ],
    "Netherlands_0": [
      1.0186489893278252,
      53.5635661853817,
      19.0,
      1.2208766231303072,
      69.02063378648329,
      69.02063378648329,
      19.0,
      3.6326649361306993
    ],
    "New Zealand_0": [
      0.959339620714695,
      74.66044578569966,
      7.0,
      1.3438164086245914,
      6.9218315029085025,
      7.0,
      7.0,
      0.9888330718440718
    ],
    "Nigeria_0": [
      0.9740688501860386,
      5013.182342512928,
      1.0,
      6.776066294419962e-08,
      1.0000000000000455,
      1.0000000000000455,
      1.0,
      1.0000000000000455
    ],
    "North Macedonia_0": [
      0.9888781360233042,
      5121.512398744741,
      1.0,
      5.991390564251354e-08,
      1.0000000000000173,
      1.0000000000000173,
      1.0,
      1.0000000000000173
    ],
    "Norway_0": [
      0.9801758710391041,
      98.97318836151692,
      20.0,
      1.0990645411070255,
      23.581771613974336,
      23.581771613974336,
      20.0,
      1.1790885806987168
    ],
    "Peoples R China_0": [
      0.9882368166655516,
      95.39445818534104,
      68.0,
      1.3788356889251756,
      91.39815766613634,
      91.39815766613634,
      68.0,
      1.3440905539137697
    ],
    "Philippines_0": [
      0.9805620561523506,
      78.29640466785665,
      7.0,
      1.380056866436303,
      8.252162734247655,
      8.252162734247655,
      7.0,
      1.1788803906068077
    ],
    "Poland_0": [
      0.9820121075583674,
      73.22469056880256,
      2.0,
      2.9216295763977547,
      2.550707975624471,
      2.550707975624471,
      2.0,
      1.2753539878122355
    ],
    "Portugal_0": [
      0.992592592592585,
      2495.0914613880536,
      2.0,
      1.0770123770912494e-07,
      1.9999999999821527,
      2.0,
      2.0,
      0.9999999999910764
    ],
    "Romania_0": [
      0.9747939685207281,
      141.21604604728756,
      9.0,
      0.8521746494727156,
      9.320820056683372,
      9.320820056683372,
      9.0,
      1.035646672964819
    ],
    "Serbia_0": [
      0.9592491033181101,
      5214.954715784281,
      1.0,
      2.7111713488696896e-08,
      1.0000000000000386,
      1.0000000000000386,
      1.0,
      1.0000000000000386
    ],
    "Singapore_0": [
      0.9980728963916776,
      65.39732319488516,
      13.0,
      0.8794970711532039,
      24.397677074629314,
      24.397677074629314,
      13.0,
      1.876744390356101
    ],
    "Slovakia_0": [
      0.9829417994382904,
      167.11735810504706,
      2.0,
      2.0870799888802645,
      2.1787794482837093,
      2.1787794482837093,
      2.0,
      1.0893897241418546
    ],
    "Slovenia_0": [
      0.9767664156473231,
      197.92857098583673,
      6.0,
      1.5835171832124175,
      5.90219791132269,
      6.0,
      6.0,
      0.9836996518871151
    ],
    "South Africa_0": [
      0.9961175067992025,
      91.12821470446849,
      12.0,
      2.1109070902840883,
      21.470509770625036,
      21.470509770625036,
      12.0,
      1.7892091475520862
    ],