{
  "params": {
    "Australia_0": [
      0.9991550051677658,
      77.14480528869855,
      30.0,
      1.131395364297001,
      57.16530800991885,
      57.16530800991885,
      30.0,
      1.9055102669972952
    ],
    "Austria_0": [
      0.993027477251512,
      2526.2153905154846,
      4.0,
      2.8209329963877715e-08,
      4.00000008960976,
      4.00000008960976,
      4.0,
      1.00000002240244
    ],
    "Belgium_0": [
      0.9888781360233042,
      5121.512398744741,
      2.0,
      5.991390564251354e-08,
      2.0000000000000346,
      2.0000000000000346,
      2.0,
      1.0000000000000173
    ],
    "Brazil_0": [
      0.9818449991265733,
      103.3158899356086,
      2.0,
      2.5850333754074173,
      2.353340811912122,
      2.353340811912122,
      2.0,
      1.176670405956061
    ],
    "Canada_0": [
      0.9955122953921692,
      78.96708903074236,
      18.0,
      0.8632425805919864,
      29.875064918202742,
      29.875064918202742,
      18.0,
      1.6597258287890413
    ],
    "Chile_0": [
      0.9814744072027304,
      5142.664282318878,
      1.0,
      4.728017097659654e-08,
      0.9999999999999813,
      1.0,
      1.0,
      0.9999999999999813
    ],
    "Czech Republic_0": [
      0.979701720323543,
      714.5590201574378,
      5.0,
      1.3409043460978927,
      5.031792282593442,
      5.031792282593442,
      5.0,
      1.0063584565186885
    ],
    "Denmark_0": [
      0.9766013974918105,
      143.56500118431285,
      5.0,
      1.8135951369473027,
      5.457702832039831,
      5.457702832039831,
      5.0,
      1.0915405664079663
    ],
    "Fiji_0": [
      0.9666598720900891,
      5111.18793448933,
      1.0,
      4.294663758369441e-08,
      1.0000000000000586,
      1.0000000000000586,
      1.0,
      1.0000000000000586
    ],
    "Finland_0": [
      0.9769722315396151,
      113.62617946423913,
      8.0,
      2.751661383863106,
      7.395372500057858,
      8.0,
      8.0,
      0.9244215625072323
    ],
    "France_0": [
      0.9931643019834404,
      68.82761384122941,
      6.0,
      1.6120898239293926,
      9.385091828351626,
      9.385091828351626,
      6.0,
      1.5641819713919378
    ],
    "Germany_0": [
      1.1276897328336615,
      95.45911657660437,
      18.0,
      1.3722333437953416,
      3444810.0259511718,
      3444810.0259511718,
      18.0,
      191378.3347750651
    ],
    "Greece_0": [
      0.9935151660049129,
      68.52021775111562,
      2.0,
      3.5777935492144164,
      2.9297525439020173,
      2.9297525439020173,
      2.0,
      1.4648762719510087
    ],
    "Hungary_0": [
      0.9868310078048645,
      116.11249365168354,
      11.0,
      1.2018914976557744,
      13.42701446485511,
      13.42701446485511,
      11.0,
      1.2206376786231918
    ],
    "India_0": [
      1.0927291732033801,
      116.74303337006317,
      9.0,
      2.0984080183998786,
      446586.40439055115,
      446586.40439055115,
      9.0,
      49620.711598950125
    ],
    "Ireland_0": [
      0.9736857385962412,
      191.63834053694725,
      5.0,
      1.352349951396394,
      4.540001831701922,
      5.0,
      5.0,
      0.9080003663403844
    ],
    "Italy_0": [
      1.0227778113199628,
      95.5439145462114,
      10.0,
      0.736214659097054,
      97.86620963171016,
      97.86620963171016,
      10.0,
      9.786620963171016
    ],
    "Japan_0": [
      1.1722247275148079,
      66.23674942511317,
      3.0,
      3.5304731910944405,
      245152.0868700553,
      245152.0868700553,
      3.0,
      81717.36229001843
    ],
    "Malaysia_0": [
      1.1274635286325563,
      89.85626439010154,
      9.0,
      1.1833814877054905,
      835720.6277672771,
      835720.6277672771,
      9.0,
      92857.84752969745
    ],
    "Malta_0": [
      0.9814744072027304,
      5142.664282318878,
      1.0,
      4.728017097659654e-08,
      0.9999999999999813,
      1.0,
      1.0,
      0.9999999999999813
    ],
    "Netherlands_0": [
      0.9870507105867529,
      123.79722123264085,
      8.0,
      1.7187623792181013,
      9.10701781742055,
      9.10701781742055,
      8.0,
      1.1383772271775687
    ],
    "New Zealand_0": [
      0.9784469583103216,
      82.93587312700745,
      6.0,
      1.9154979462513169,
      6.32228594122345,
      6.32228594122345,
      6.0,
      1.0537143235372417
    ],
    "Norway_0": [
      0.9996792924787813,
      108.30432360145805,
      11.0,
      1.5703243010666073,
      21.304254428398455,
      21.304254428398455,
      11.0,
      1.9367504025816777
    ],
    "Peoples R China_0": [
      1.1048569784023132,
      106.4920964258475,
      31.0,
      1.9998818633205773,
      2155222.2405310776,
      2155222.2405310776,
      31.0,
      69523.29808164766
    ],
    "Philippines_0": [
      0.9867074470301928,
      161.72477110791232,
      4.0,
      0.8578777882742529,
      4.378503192930947,
      4.378503192930947,
      4.0,
      1.0946257982327368
    ],
    "Poland_0": [
      0.9814744072027304,
      5142.664282318878,
      1.0,
      4.728017097659654e-08,
      0.9999999999999813,
      1.0,
      1.0,
      0.9999999999999813
    ],
    "Romania_0": [
      0.9979201077027842,
      146.3624393585661,
      6.0,
      1.4498237896865354,
      10.345286686123572,
      10.345286686123572,
      6.0,
      1.724214447687262
    ],
    "Serbia_0": [
      0.9814744072027304,
      5142.664282318878,
      1.0,
      4.728017097659654e-08,
      0.9999999999999813,
      1.0,
      1.0,
      0.9999999999999813
    ],
    "Singapore_0": [
      1.1796699034788043,
      68.577136268891,
      6.0,
      1.841371036188985,
      1289120.3220308423,
      1289120.3220308423,
      6.0,
      214853.3870051404
    ],
    "Slovenia_0": [
      0.993027477251512,
      2526.2153905154846,
      4.0,
      2.8209329963877715e-08,
      4.00000008960976,
      4.00000008960976,
      4.0,
      1.00000002240244
    ],
    "South Africa_0": [
      0.9841798925495527,
      106.56270292669866,
      3.0,
      1.955356482896482,
      3.3443101906410617,
      3.3443101906410617,
      3.0,
      1.1147700635470206
    ],
    "South Korea_0": [
      0.9666598720900891,
      5111.18793448933,
      2.0,
      4.294663758369441e-08,
      2.0000000000001172,
      2.0000000000001172,
      2.0,
      1.0000000000000586
    ],
    "Spain_0": [
      0.9962632388790102,
      206.40104701629252,
      13.0,
      0.39899991744600927,
      18.997362367374144,
      18.997362367374144,
      13.0,
      1.4613355667210879
    ],
    "Sweden_0": [
      0.992592592592585,
      2495.0914613880536,
      2.0,
      1.0770123770912494e-07,
      1.9999999999821527,
      2.0,
      2.0,
      0.9999999999910764
    ],
    "Switzerland_0": [
      0.9784511059499683,
      109.75008943176111,
      5.0,
      1.5201668035408207,
      5.28698174456107,
      5.28698174456107,
      5.0,
      1.057396348912214
    ],
    "U Arab Emirates_0": [
      1.1722247275148079,
      66.23674942511317,
      3.0,
      3.5304731910944405,
      245152.0868700553,
      245152.0868700553,
      3.0,
      81717.36229001843
    ],
    "USA_0": [
      0.989250894608028,
      81.6810054946558,
      142.0,
      0.9362701535022792,
      195.9364294519208,
      195.9364294519208,
      142.0,
      1.3798340102247943
    ],
    "Turkey_0": [
      0.9814744072027304,
      5142.664282318878,
      2.0,
      4.728017097659654e-08,
      1.9999999999999627,
      2.0,
      2.0,
      0.9999999999999813
    ],
    "UK_0": [
      0.9961935208132019,
      65.17924775743225,
      98.0,
      1.1977591047720273,
      166.92312966780045,
      166.92312966780045,
      98.0,
      1.703297241508168
    ]
  }
}